engine,count
355.0HP 5.3L 8 Cylinder Engine Gasoline Fuel,5651
240.0HP 2.0L 4 Cylinder Engine Gasoline Fuel,4868
420.0HP 6.2L 8 Cylinder Engine Gasoline Fuel,4694
2.0L I4 16V GDI DOHC Turbo,4513
375.0HP 3.5L V6 Cylinder Engine Gasoline Fuel,4090
340.0HP 3.0L V6 Cylinder Engine Gasoline Fuel,4001
490.0HP 6.2L 8 Cylinder Engine Gasoline Fuel,3689
455.0HP 6.2L 8 Cylinder Engine Gasoline Fuel,3539
300.0HP 3.0L Straight 6 Cylinder Engine Gasoline Fuel,3453
425.0HP 3.0L Straight 6 Cylinder Engine Gasoline Fuel,3451
285.0HP 3.6L V6 Cylinder Engine Gasoline Fuel,3216
302.0HP 3.5L V6 Cylinder Engine Gasoline Fuel,3167
295.0HP 3.5L V6 Cylinder Engine Gasoline Fuel,3167
3.5L V6 24V PDI DOHC Twin Turbo,3100
301.0HP 4.6L 8 Cylinder Engine Gasoline Fuel,2655
3.6L V6 24V MPFI DOHC,2523
5.7L V8 16V MPFI OHV,2505
4.0L V8 32V GDI DOHC Twin Turbo,2495
268.0HP 3.5L V6 Cylinder Engine Gasoline Fuel,2422
333.0HP 3.0L V6 Cylinder Engine Gasoline Fuel,2215
365.0HP 3.5L V6 Cylinder Engine Gasoline Fuel,2091
3.6L V6 24V GDI DOHC,2072
211.0HP 2.0L 4 Cylinder Engine Gasoline Fuel,2058
2.0 Liter Turbo,1912
210.0HP 3.7L V6 Cylinder Engine Gasoline Fuel,1903
252.0HP 2.0L 4 Cylinder Engine Gasoline Fuel,1836
255.0HP 2.0L 4 Cylinder Engine Gasoline Fuel,1743
248.0HP 2.0L 4 Cylinder Engine Gasoline Fuel,1729
5.3L V8 16V GDI OHV,1710
380.0HP 3.0L V6 Cylinder Engine Gasoline Fuel,1699
381.0HP 5.7L 8 Cylinder Engine Gasoline Fuel,1687
335.0HP 3.0L V6 Cylinder Engine Gasoline/Mild Electric Hybrid,1656
395.0HP 5.7L 8 Cylinder Engine Gasoline Fuel,1618
362.0HP 3.0L V6 Cylinder Engine Gasoline Fuel,1589
395.0HP 3.0L Straight 6 Cylinder Engine Gasoline/Mild Electric Hybrid,1583
241.0HP 2.0L 4 Cylinder Engine Gasoline Fuel,1579
290.0HP 3.5L V6 Cylinder Engine Gasoline Fuel,1543
â€“,1542
445.0HP 4.4L 8 Cylinder Engine Gasoline Fuel,1512
2.5L I4 16V GDI DOHC,1494
325.0HP 2.7L V6 Cylinder Engine Gasoline Fuel,1474
3.0 Liter Turbo,1417
306.0HP 3.5L V6 Cylinder Engine Gasoline Fuel,1413
3.5L V6 24V PDI DOHC,1384
400.0HP 5.6L 8 Cylinder Engine Gasoline Fuel,1384
450.0HP 3.5L V6 Cylinder Engine Gasoline Fuel,1365
518.0HP Electric Motor Electric Fuel System,1363
503.0HP 3.0L Straight 6 Cylinder Engine Gasoline Fuel,1361
414.0HP 4.0L 8 Cylinder Engine Gasoline Fuel,1352
560.0HP 4.4L 8 Cylinder Engine Gasoline Fuel,1343
320.0HP 5.3L 8 Cylinder Engine Flex Fuel Capability,1271
270.0HP 4.0L V6 Cylinder Engine Gasoline Fuel,1269
270.0HP 3.5L V6 Cylinder Engine Gasoline Fuel,1259
3.0 Liter,1244
385.0HP 6.2L 8 Cylinder Engine Flex Fuel Capability,1234
425.0HP Electric Motor Electric Fuel System,1204
6.2L V8 16V GDI OHV,1175
208.0HP 2.0L 4 Cylinder Engine Gasoline Fuel,1164
416.0HP 4.0L 8 Cylinder Engine Gasoline Fuel,1154
200.0HP 2.0L 4 Cylinder Engine Gasoline Fuel,1149
315.0HP 2.7L V6 Cylinder Engine Gasoline Fuel,1126
2.0 Liter,1111
333.0HP 3.2L Straight 6 Cylinder Engine Gasoline Fuel,1101
379.0HP 3.0L Flat 6 Cylinder Engine Gasoline Fuel,1092
400.0HP 3.8L Flat 6 Cylinder Engine Gasoline Fuel,1054
310.0HP 3.5L V6 Cylinder Engine Gasoline Fuel,1031
3.0L V6 24V GDI DOHC Twin Turbo,1027
2.0 Liter TFSI,1014
300.0HP 3.7L V6 Cylinder Engine Gasoline Fuel,1011
563.0HP 5.5L 8 Cylinder Engine Gasoline Fuel,1006
302.0HP 5.0L 8 Cylinder Engine Gasoline Fuel,975
320.0HP 3.0L Straight 6 Cylinder Engine Gasoline Fuel,974
412.0HP 5.0L 8 Cylinder Engine Gasoline Fuel,972
450.0HP 6.7L 8 Cylinder Engine Diesel Fuel,972
300.0HP 3.6L V6 Cylinder Engine Gasoline Fuel,961
220.0HP 2.0L 4 Cylinder Engine Gasoline Fuel,956
518.0HP 5.0L 8 Cylinder Engine Gasoline Fuel,952
460.0HP 5.0L 8 Cylinder Engine Gasoline Fuel,939
260.0HP 3.5L V6 Cylinder Engine Gasoline Fuel,927
3.5 Liter,923
210.0HP 4.0L V6 Cylinder Engine Gasoline Fuel,906
577.0HP 5.5L 8 Cylinder Engine Gasoline Fuel,905
440.0HP 6.7L 8 Cylinder Engine Diesel Fuel,905
175.0HP 2.5L 4 Cylinder Engine Gasoline Fuel,904
247.0HP 2.0L 4 Cylinder Engine Gasoline Fuel,899
310.0HP 3.6L V6 Cylinder Engine Gasoline Fuel,897
300.0HP 5.4L 8 Cylinder Engine Gasoline Fuel,896
523.0HP 4.4L 8 Cylinder Engine Gasoline Fuel,887
835.0HP Electric Motor Electric Fuel System,875
261.0HP 4.0L V6 Cylinder Engine Gasoline Fuel,859
455.0HP Electric Motor Electric Fuel System,853
202.0HP 3.8L V6 Cylinder Engine Gasoline Fuel,844
400.0HP 6.0L 8 Cylinder Engine Gasoline Fuel,836
550.0HP 5.0L 8 Cylinder Engine Gasoline Fuel,822
383.0HP 5.7L 8 Cylinder Engine Gasoline Fuel,808
140.0HP 1.8L 4 Cylinder Engine Gasoline Fuel,808
Electric,808
230.0HP 3.0L Straight 6 Cylinder Engine Gasoline Fuel,794
200.0HP 3.8L V6 Cylinder Engine Gasoline Fuel,793
469.0HP 4.0L 8 Cylinder Engine Gasoline Fuel,767
400.0HP 3.0L V6 Cylinder Engine Gasoline Fuel,751
463.0HP 4.0L 8 Cylinder Engine Gasoline Fuel,749
385.0HP 3.0L V6 Cylinder Engine Gasoline Fuel,737
280.0HP 3.5L V6 Cylinder Engine Gasoline Fuel,726
475.0HP 6.7L 8 Cylinder Engine Diesel Fuel,725
400.0HP 3.5L V6 Cylinder Engine Gasoline Fuel,720
503.0HP 4.0L 8 Cylinder Engine Gasoline Fuel,717
265.0HP 3.5L V6 Cylinder Engine Gasoline Fuel,713
335.0HP 3.0L Straight 6 Cylinder Engine Gasoline Fuel,698
600.0HP 4.4L 8 Cylinder Engine Gasoline Fuel,689
375.0HP 5.0L 8 Cylinder Engine Gasoline Fuel,685
3.8L V6 24V GDI DOHC,664
204.0HP 2.5L V6 Cylinder Engine Gasoline Fuel,656
335.0HP 3.0L V6 Cylinder Engine Gasoline Fuel,649
510.0HP 5.0L 8 Cylinder Engine Gasoline Fuel,649
328.0HP 3.7L V6 Cylinder Engine Gasoline Fuel,642
355.0HP 3.8L Flat 6 Cylinder Engine Gasoline Fuel,639
365.0HP 3.3L V6 Cylinder Engine Gasoline Fuel,637
275.0HP 2.3L 4 Cylinder Engine Gasoline Fuel,633
291.0HP 3.8L V6 Cylinder Engine Gasoline Fuel,627
305.0HP 3.7L V6 Cylinder Engine Gasoline Fuel,625
4.4 Liter Twin Turbo,624
188.0HP 3.0L V6 Cylinder Engine Diesel Fuel,618
260.0HP 2.0L 4 Cylinder Engine Gasoline Fuel,614
426.0HP 6.2L 8 Cylinder Engine Gasoline Fuel,606
449.0HP 4.7L 8 Cylinder Engine Gasoline Fuel,604
227.0HP 2.5L 4 Cylinder Engine Gasoline Fuel,596
280.0HP 2.0L 4 Cylinder Engine Gasoline Fuel,594
230.0HP 4.7L 8 Cylinder Engine Gasoline Fuel,592
172.0HP 1.6L 4 Cylinder Engine Gasoline Fuel,590
350.0HP 5.7L 8 Cylinder Engine Gasoline Fuel,587
220.0HP 2.0L 4 Cylinder Engine Flex Fuel Capability,584
288.0HP 3.6L V6 Cylinder Engine Gasoline Fuel,581
201.0HP 2.4L 4 Cylinder Engine Gasoline Fuel,574
181.0HP 1.6L 4 Cylinder Engine Gasoline Fuel,574
429.0HP 3.0L Straight 6 Cylinder Engine Gasoline/Mild Electric Hybrid,572
410.0HP 6.4L 8 Cylinder Engine Gasoline Fuel,571
350.0HP 3.4L Flat 6 Cylinder Engine Gasoline Fuel,564
443.0HP 3.0L Flat 6 Cylinder Engine Gasoline Fuel,563
210.0HP 2.0L 4 Cylinder Engine Gasoline Fuel,562
349.0HP 3.0L V6 Cylinder Engine Gasoline Fuel,549
429.0HP 4.7L 8 Cylinder Engine Gasoline Fuel,548
310.0HP 3.0L V6 Cylinder Engine Gasoline Fuel,548
4.4L V8 32V GDI DOHC Twin Turbo,545
2.3L I4 16V GDI DOHC Turbo,542
390.0HP 5.6L 8 Cylinder Engine Gasoline Fuel,541
670.0HP Electric Motor Electric Fuel System,530
173.0HP 2.7L V6 Cylinder Engine Gasoline Fuel,530
617.0HP 4.4L 8 Cylinder Engine Gasoline Fuel,526
263.0HP 4.7L 8 Cylinder Engine Gasoline Fuel,523
420.0HP 3.0L Flat 6 Cylinder Engine Gasoline Fuel,520
250.0HP 3.5L V6 Cylinder Engine Gasoline Fuel,518
190.0HP 4.0L Straight 6 Cylinder Engine Gasoline Fuel,512
210.0HP 3.3L V6 Cylinder Engine Gasoline Fuel,512
282.0HP 4.7L 8 Cylinder Engine Gasoline Fuel,496
403.0HP 6.2L 8 Cylinder Engine Flex Fuel Capability,494
292.0HP 2.0L 4 Cylinder Engine Gasoline Fuel,488
382.0HP 5.5L 8 Cylinder Engine Gasoline Fuel,488
335.0HP 4.7L 8 Cylinder Engine Gasoline Fuel,487
355.0HP 5.3L 8 Cylinder Engine Flex Fuel Capability,484
3.0L V6 24V GDI DOHC Turbo,482
4.0L H6 24V GDI DOHC,471
270.0HP 3.0L V6 Cylinder Engine Gasoline Fuel,464
236.0HP 4.0L V6 Cylinder Engine Gasoline Fuel,460
424.0HP 3.0L V6 Cylinder Engine Gasoline Fuel,460
440.0HP 3.5L V6 Cylinder Engine Gasoline Fuel,458
152.0HP 2.0L 4 Cylinder Engine Gasoline Fuel,453
Electric Motor Electric Fuel System,450
268.0HP 2.0L 4 Cylinder Engine Gasoline Fuel,448
382.0HP 3.0L Straight 6 Cylinder Engine Gasoline/Mild Electric Hybrid,446
280.0HP 3.6L V6 Cylinder Engine Gasoline Fuel,446
429.0HP 4.6L 8 Cylinder Engine Gasoline Fuel,443
240.0HP 3.0L V6 Cylinder Engine Diesel Fuel,442
325.0HP 3.6L Flat 6 Cylinder Engine Gasoline Fuel,442
345.0HP 5.7L 8 Cylinder Engine Gasoline Fuel,440
350.0HP 6.7L Straight 6 Cylinder Engine Diesel Fuel,438
430.0HP 6.2L 8 Cylinder Engine Gasoline Fuel,433
395.0HP 5.7L 8 Cylinder Engine Gasoline/Mild Electric Hybrid,430
380.0HP 4.6L 8 Cylinder Engine Gasoline Fuel,427
2.4L I4 16V GDI DOHC,426
239.0HP 4.0L V6 Cylinder Engine Gasoline Fuel,422
400.0HP 4.8L 8 Cylinder Engine Gasoline Fuel,418
310.0HP 2.3L 4 Cylinder Engine Gasoline Fuel,412
445.0HP 6.6L 8 Cylinder Engine Diesel Fuel,411
325.0HP 6.0L 8 Cylinder Engine Diesel Fuel,407
381.0HP 5.7L 8 Cylinder Engine Flex Fuel Capability,407
402.0HP 4.7L 8 Cylinder Engine Gasoline Fuel,406
182.0HP 2.4L 4 Cylinder Engine Gasoline Fuel,402
271.0HP Electric Motor Electric Fuel System,401
335.0HP 3.6L V6 Cylinder Engine Gasoline Fuel,401
5.0L V8 32V GDI DOHC Supercharged,400
228.0HP 2.4L 4 Cylinder Engine Gasoline Fuel,400
563.0HP 6.6L 12 Cylinder Engine Gasoline Fuel,398
2.5L I4 16V PDI DOHC,397
181.0HP 4.0L Straight 6 Cylinder Engine Gasoline Fuel,396
420.0HP 3.6L V6 Cylinder Engine Gasoline Fuel,395
3.0L H6 24V GDI DOHC Twin Turbo,395
475.0HP 3.8L Flat 6 Cylinder Engine Gasoline Fuel,392
329.0HP 3.0L V6 Cylinder Engine Gasoline Fuel,390
305.0HP 2.5L 4 Cylinder Engine Gasoline Fuel,386
2.5L I4 16V GDI DOHC Turbo,382
170.0HP 2.5L 4 Cylinder Engine Gasoline Fuel,381
228.0HP 2.0L 4 Cylinder Engine Gasoline Fuel,381
2.7L V6 24V PDI DOHC Twin Turbo,381
471.0HP 5.0L 8 Cylinder Engine Gasoline Fuel,379
320.0HP 5.3L 8 Cylinder Engine Gasoline Fuel,375
295.0HP 5.3L 8 Cylinder Engine Flex Fuel Capability,374
200.0HP 2.4L 4 Cylinder Engine Gasoline Fuel,372
354.0HP 3.0L V6 Cylinder Engine Gasoline Fuel,369
650.0HP 6.2L 8 Cylinder Engine Gasoline Fuel,366
536.0HP 5.5L 8 Cylinder Engine Gasoline Fuel,360
265.0HP 2.0L 4 Cylinder Engine Gasoline Fuel,359
184.0HP 2.5L Straight 6 Cylinder Engine Gasoline Fuel,358
272.0HP 3.5L V6 Cylinder Engine Gasoline Fuel,357
225.0HP 3.3L V6 Cylinder Engine Gasoline Fuel,356
420.0HP 4.0L 8 Cylinder Engine Gasoline Fuel,354
3.5L V6 24V GDI SOHC,354
577.0HP 4.0L 8 Cylinder Engine Gasoline Fuel,353
5.6L V8 32V GDI DOHC,353
437.0HP 3.4L V6 Cylinder Engine Gas/Electric Hybrid,352
155.0HP 2.0L 4 Cylinder Engine Gasoline Fuel,352
306.0HP 3.8L V6 Cylinder Engine Gasoline Fuel,351
435.0HP 5.0L 8 Cylinder Engine Gasoline Fuel,346
310.0HP 5.7L 8 Cylinder Engine Gasoline Fuel,344
170.0HP 1.8L 4 Cylinder Engine Gasoline Fuel,343
310.0HP 5.4L 8 Cylinder Engine Flex Fuel Capability,341
550.0HP 4.0L 8 Cylinder Engine Gasoline Fuel,341
4.0 Liter Twin Turbo,339
295.0HP 5.3L 8 Cylinder Engine Gasoline Fuel,338
5.0L V8 32V PDI DOHC,336
300.0HP 2.5L 4 Cylinder Engine Gasoline Fuel,334
5.2L V10 40V GDI DOHC,334
311.0HP 3.8L V6 Cylinder Engine Gasoline Fuel,333
3.5 Liter DOHC,333
453.0HP 3.0L Straight 6 Cylinder Engine Gasoline Fuel,332
292.0HP 3.6L V6 Cylinder Engine Gasoline Fuel,331
300.0HP 4.6L 8 Cylinder Engine Gasoline Fuel,329
300.0HP 2.3L 4 Cylinder Engine Gasoline Fuel,328
563.0HP Electric Motor Electric Fuel System,326
304.0HP 3.6L V6 Cylinder Engine Gasoline Fuel,325
160.0HP 2.4L 4 Cylinder Engine Gasoline Fuel,325
310.0HP 6.8L 10 Cylinder Engine Gasoline Fuel,324
600.0HP 6.0L 12 Cylinder Engine Gasoline Fuel,323
158.0HP 2.0L 4 Cylinder Engine Gasoline Fuel,322
265.0HP 2.9L Flat 6 Cylinder Engine Gasoline Fuel,322
382.0HP 3.0L Straight 6 Cylinder Engine Gasoline Fuel,322
5.2L V10 40V PDI DOHC,322
6.7L V12 48V GDI DOHC Twin Turbo,320
2.5L I4 16V PDI DOHC Turbo,319
245.0HP 2.0L 4 Cylinder Engine Gasoline Fuel,319
580.0HP 3.8L Flat 6 Cylinder Engine Gasoline Fuel,316
404.0HP 3.0L V6 Cylinder Engine Gasoline Fuel,315
385.0HP 5.0L 8 Cylinder Engine Gasoline Fuel,314
239.0HP 4.6L 8 Cylinder Engine Gasoline Fuel,314
166.0HP 2.4L 4 Cylinder Engine Gasoline Fuel,313
420.0HP 5.0L 8 Cylinder Engine Gasoline Fuel,313
360.0HP 4.8L 8 Cylinder Engine Gasoline Fuel,310
550.0HP 4.8L 8 Cylinder Engine Gasoline Fuel,309
518.0HP 6.3L 8 Cylinder Engine Gasoline Fuel,307
603.0HP 4.0L 8 Cylinder Engine Gasoline Fuel,306
185.0HP 2.4L 4 Cylinder Engine Gasoline Fuel,303
707.0HP 6.2L 8 Cylinder Engine Gasoline Fuel,302
6.4L V8 16V MPFI OHV,299
385.0HP 5.0L 8 Cylinder Engine Flex Fuel Capability,295
560.0HP 4.0L 8 Cylinder Engine Gasoline Fuel,293
630.0HP 4.0L 8 Cylinder Engine Gasoline Fuel,293
169.0HP 2.5L 4 Cylinder Engine Gasoline Fuel,290
306.0HP 3.5L V6 Cylinder Engine Gas/Electric Hybrid,290
3.0 Liter TFSI,290
293.0HP 3.6L V6 Cylinder Engine Gasoline Fuel,290
179.0HP 2.5L 4 Cylinder Engine Gasoline Fuel,289
340.0HP 5.7L 8 Cylinder Engine Gasoline Fuel,287
300.0HP 4.4L 8 Cylinder Engine Gasoline Fuel,284
182.0HP 2.5L 4 Cylinder Engine Gasoline Fuel,284
170.0HP 2.5L 5 Cylinder Engine Gasoline Fuel,281
242.0HP 3.7L 5 Cylinder Engine Gasoline Fuel,281
480.0HP 3.6L Flat 6 Cylinder Engine Gasoline Fuel,280
202.0HP 2.5L 4 Cylinder Engine Gasoline Fuel,279
285.0HP 4.8L 8 Cylinder Engine Gasoline Fuel,278
475.0HP 6.4L 8 Cylinder Engine Gasoline Fuel,277
184.0HP 2.5L 4 Cylinder Engine Gasoline Fuel,275
575.0HP 5.0L 8 Cylinder Engine Gasoline Fuel,274
284.0HP 3.5L V6 Cylinder Engine Gasoline Fuel,269
290.0HP 3.5L V6 Cylinder Engine Flex Fuel Capability,269
160.0HP 2.0L 4 Cylinder Engine Gasoline Fuel,268
310.0HP 4.6L 8 Cylinder Engine Gasoline Fuel,264
542.0HP 4.0L 8 Cylinder Engine Gasoline Fuel,262
3.0L I6 24V GDI DOHC Turbo,256
138.0HP 1.4L 4 Cylinder Engine Gasoline Fuel,256
3.6L V6 24V MPFI DOHC Flexible Fuel,255
450.0HP 4.0L 8 Cylinder Engine Gasoline Fuel,255
403.0HP 6.2L 8 Cylinder Engine Gasoline Fuel,255
335.0HP 2.7L V6 Cylinder Engine Gasoline Fuel,252
4.6L V8 32V MPFI DOHC,252
325.0HP 6.0L 8 Cylinder Engine Gasoline Fuel,252
3.6 Liter,251
188.0HP 1.6L 4 Cylinder Engine Gasoline Fuel,250
272.0HP 2.0L 4 Cylinder Engine Gasoline Fuel,249
6.7L V8 32V DDI OHV Turbo Diesel,249
308.0HP 3.6L V6 Cylinder Engine Gasoline Fuel,248
350.0HP 2.3L 4 Cylinder Engine Gasoline Fuel,246
385.0HP 3.8L Flat 6 Cylinder Engine Gasoline Fuel,245
350.0HP 6.4L 8 Cylinder Engine Diesel Fuel,244
248.0HP 3.5L V6 Cylinder Engine Gasoline Fuel,243
348.0HP 3.8L V6 Cylinder Engine Gasoline Fuel,241
485.0HP 6.4L 8 Cylinder Engine Gasoline Fuel,241
416.0HP 5.0L 8 Cylinder Engine Gasoline Fuel,238
562.0HP 3.8L 8 Cylinder Engine Gasoline Fuel,235
6.0L W12 48V PDI DOHC Twin Turbo,234
316.0HP 6.0L 8 Cylinder Engine Gasoline Fuel,233
2.0L I4 16V GDI SOHC Turbo,233
265.0HP 2.5L 4 Cylinder Engine Gasoline Fuel,232
283.0HP 3.6L V6 Cylinder Engine Flex Fuel Capability,232
5.0 Liter,231
273.0HP 4.7L 8 Cylinder Engine Gasoline Fuel,231
230.0HP 3.3L V6 Cylinder Engine Gasoline Fuel,231
260.0HP 2.4L 4 Cylinder Engine Gasoline Fuel,229
220.0HP 3.0L V6 Cylinder Engine Gasoline Fuel,227
150.0HP 2.4L 4 Cylinder Engine Gasoline Fuel,227
300.0HP 3.4L Flat 6 Cylinder Engine Gasoline Fuel,224
240.0HP 3.5L V6 Cylinder Engine Gasoline Fuel,224
480.0HP Electric Motor Electric Fuel System,222
3.3L V6 24V GDI DOHC,221
235.0HP 4.7L 8 Cylinder Engine Gasoline Fuel,220
260.0HP 4.6L 8 Cylinder Engine Gasoline Fuel,220
4.0 Liter,219
332.0HP 3.7L V6 Cylinder Engine Gasoline Fuel,219
118.0HP 1.6L 4 Cylinder Engine Gasoline Fuel,219
355.0HP 3.0L V6 Cylinder Engine Gasoline Fuel,215
2.0L I4 16V MPFI DOHC,215
160.0HP 2.0L 4 Cylinder Engine Flex Fuel Capability,214
260.0HP 3.8L V6 Cylinder Engine Gasoline Fuel,214
250.0HP 2.0L 4 Cylinder Engine Gasoline Fuel,213
582.0HP 6.0L 12 Cylinder Engine Gasoline Fuel,212
526.0HP 5.2L 8 Cylinder Engine Gasoline Fuel,212
552.0HP 6.0L 12 Cylinder Engine Gasoline Fuel,212
275.0HP 4.6L 8 Cylinder Engine Gasoline Fuel,210
603.0HP 4.0L 8 Cylinder Engine Gasoline/Mild Electric Hybrid,210
180.0HP 2.4L 4 Cylinder Engine Gasoline Fuel,209
3.0 Liter DOHC Twin Turbo,208
520.0HP 4.8L 8 Cylinder Engine Gasoline Fuel,207
543.0HP 3.0L Straight 6 Cylinder Engine Gasoline Fuel,207
188.0HP 2.0L 4 Cylinder Engine Gas/Electric Hybrid,206
305.0HP 3.6L V6 Cylinder Engine Gasoline Fuel,205
430.0HP 7.3L 8 Cylinder Engine Gasoline Fuel,204
260.0HP 4.0L V6 Cylinder Engine Gasoline Fuel,204
300.0HP 3.7L V6 Cylinder Engine Flex Fuel Capability,204
312.0HP 3.6L V6 Cylinder Engine Gasoline Fuel,203
215.0HP 3.2L V6 Cylinder Engine Gasoline Fuel,203
230.0HP 3.2L Straight 6 Cylinder Engine Gasoline Fuel,202
380.0HP 3.5L V6 Cylinder Engine Gasoline Fuel,202
350.0HP 2.5L 4 Cylinder Engine Gasoline Fuel,201
280.0HP 3.2L Flat 6 Cylinder Engine Gasoline Fuel,200
330.0HP 3.0L V6 Cylinder Engine Gasoline Fuel,200
Dual Motor - Standard,200
173.0HP 2.5L 4 Cylinder Engine Gasoline Fuel,199
4.0L V6 24V MPFI DOHC,198
540.0HP 3.8L Flat 6 Cylinder Engine Gasoline Fuel,197
330.0HP 3.7L V6 Cylinder Engine Gasoline Fuel,197
315.0HP 4.6L 8 Cylinder Engine Gasoline Fuel,196
321.0HP 3.6L V6 Cylinder Engine Gasoline Fuel,195
1.5L I3 12V PDI DOHC Turbo,195
360.0HP 6.0L 8 Cylinder Engine Flex Fuel Capability,195
316.0HP 2.0L 4 Cylinder Engine Gasoline Fuel,195
245.0HP 4.0L V6 Cylinder Engine Gasoline Fuel,194
641.0HP 4.0L 8 Cylinder Engine Gasoline Fuel,194
188.0HP 2.0L 4 Cylinder Engine Gasoline Fuel,193
605.0HP 4.0L 8 Cylinder Engine Gasoline Fuel,193
300.0HP 4.2L 8 Cylinder Engine Gasoline Fuel,192
505.0HP 7.0L 8 Cylinder Engine Gasoline Fuel,191
386.0HP 4.6L 8 Cylinder Engine Gasoline Fuel,189
420.0HP 4.2L 8 Cylinder Engine Gasoline Fuel,189
292.0HP 4.6L 8 Cylinder Engine Gasoline Fuel,188
263.0HP 3.5L V6 Cylinder Engine Gasoline Fuel,187
456.0HP 4.4L 8 Cylinder Engine Gasoline Fuel,187
2.0 Liter DOHC Turbo,187
290.0HP 3.6L V6 Cylinder Engine Flex Fuel Capability,186
325.0HP 3.7L V6 Cylinder Engine Gasoline Fuel,186
557.0HP Electric Motor Electric Fuel System,184
278.0HP 3.5L V6 Cylinder Engine Gasoline Fuel,184
246.0HP 2.0L 4 Cylinder Engine Gasoline Fuel,184
534.0HP Electric Motor Electric Fuel System,183
290.0HP 4.0L 8 Cylinder Engine Gasoline Fuel,183
244.0HP 2.3L 4 Cylinder Engine Gasoline Fuel,182
3.5 Liter SOHC,182
122.0HP 1.8L 4 Cylinder Engine Gasoline Fuel,180
136.0HP 2.0L 4 Cylinder Engine Gasoline Fuel,180
4.4 Liter,179
199.0HP 2.4L 4 Cylinder Engine Gas/Electric Hybrid,178
572.0HP 3.8L Flat 6 Cylinder Engine Gasoline Fuel,178
362.0HP 4.6L 8 Cylinder Engine Gasoline Fuel,177
134.0HP 1.8L 4 Cylinder Engine Gas/Electric Hybrid,177
308.0HP 3.5L V6 Cylinder Engine Gas/Electric Hybrid,177
3.8L H6 24V GDI DOHC Twin Turbo,176
156.0HP 2.3L 4 Cylinder Engine Gasoline Fuel,175
132.0HP 1.8L 4 Cylinder Engine Gasoline Fuel,172
360.0HP 5.7L 8 Cylinder Engine Gasoline Fuel,172
189.0HP 2.0L 4 Cylinder Engine Gasoline Fuel,171
6.6L V8 32V DDI OHV Turbo Diesel,169
255.0HP 5.4L 8 Cylinder Engine Flex Fuel Capability,169
302.0HP 4.6L 8 Cylinder Engine Gasoline Fuel,168
6.5L V12 48V MPFI DOHC,168
180.0HP 1.8L 4 Cylinder Engine Gasoline Fuel,167
V6,166
2.5L I4 16V,165
275.0HP 3.7L V6 Cylinder Engine Gasoline Fuel,164
120.0HP 2.5L 4 Cylinder Engine Gasoline Fuel,163
300.0HP 4.3L 8 Cylinder Engine Gasoline Fuel,163
208.0HP 2.5L 4 Cylinder Engine Gas/Electric Hybrid,162
4.6 Liter,161
191.0HP 2.5L 4 Cylinder Engine Gas/Electric Hybrid,160
150.0HP 2.0L 4 Cylinder Engine Gasoline Fuel,160
425.0HP 6.1L 8 Cylinder Engine Gasoline Fuel,158
265.0HP 2.7L Flat 6 Cylinder Engine Gasoline Fuel,158
287.0HP 3.5L V6 Cylinder Engine Gasoline Fuel,157
567.0HP 4.4L 8 Cylinder Engine Gasoline Fuel,157
302.0HP 3.5L V6 Cylinder Engine Flex Fuel Capability,156
760.0HP 5.2L 8 Cylinder Engine Gasoline Fuel,156
290.0HP 3.3L V6 Cylinder Engine Gasoline Fuel,156
414.0HP 4.0L Flat 6 Cylinder Engine Gasoline Fuel,155
565.0HP 3.8L V6 Cylinder Engine Gasoline Fuel,155
300.0HP 5.3L 8 Cylinder Engine Gasoline Fuel,155
3.5L V6 24V MPFI DOHC,155
389.0HP 3.0L Straight 6 Cylinder Engine Plug-In Electric/Gas,154
280.0HP 3.9L 8 Cylinder Engine Gasoline Fuel,152
281.0HP 3.6L V6 Cylinder Engine Gasoline Fuel,152
275.0HP 2.7L Flat 6 Cylinder Engine Gasoline Fuel,151
201.0HP 1.8L 4 Cylinder Engine Gasoline Fuel,150
311.0HP 3.5L V6 Cylinder Engine Gasoline Fuel,150
395.0HP 5.0L 8 Cylinder Engine Flex Fuel Capability,149
201.0HP 2.5L Flat 6 Cylinder Engine Gasoline Fuel,149
440.0HP 4.8L 8 Cylinder Engine Gasoline Fuel,148
217.0HP 4.6L 8 Cylinder Engine Gasoline Fuel,147
3.5L V6 24V GDI DOHC Twin Turbo,147
195.0HP 4.3L V6 Cylinder Engine Gasoline Fuel,146
2.0L I4 16V GDI DOHC Turbo Hybrid,146
256.0HP 3.6L Flat 6 Cylinder Engine Gasoline Fuel,146
315.0HP 3.0L Straight 6 Cylinder Engine Gasoline Fuel,146
344.0HP 3.8L V6 Cylinder Engine Gasoline Fuel,146
389.0HP 3.4L V6 Cylinder Engine Gasoline Fuel,146
172.0HP 2.4L 4 Cylinder Engine Gasoline Fuel,145
400.0HP 4.4L 8 Cylinder Engine Gasoline Fuel,145
237.0HP 2.0L 4 Cylinder Engine Gasoline Fuel,144
610.0HP 5.2L 10 Cylinder Engine Gasoline Fuel,144
3.0 Liter Twin Turbo,143
235.0HP 2.0L 4 Cylinder Engine Gasoline Fuel,143
405.0HP 3.0L Straight 6 Cylinder Engine Gasoline Fuel,143
505.0HP 2.9L V6 Cylinder Engine Gasoline Fuel,143
295.0HP 3.6L V6 Cylinder Engine Gasoline Fuel,141
300.0HP 3.0L V6 Cylinder Engine Gasoline Fuel,140
323.0HP 3.6L V6 Cylinder Engine Gasoline Fuel,140
200.0HP 3.0L V6 Cylinder Engine Gasoline Fuel,138
158.0HP 2.4L 4 Cylinder Engine Gasoline Fuel,138
255.0HP 3.5L V6 Cylinder Engine Gasoline Fuel,138
270.0HP 4.7L 8 Cylinder Engine Gasoline Fuel,138
220.0HP 4.6L 8 Cylinder Engine Gasoline Fuel,137
142.0HP 1.8L 4 Cylinder Engine Gasoline Fuel,136
285.0HP 3.6L V6 Cylinder Engine Gasoline/Mild Electric Hybrid,136
277.0HP 3.0L Straight 6 Cylinder Engine Diesel Fuel,136
278.0HP 4.3L 8 Cylinder Engine Gasoline Fuel,135
335.0HP 3.0L Straight 6 Cylinder Engine Gasoline/Mild Electric Hybrid,135
315.0HP 3.6L Flat 6 Cylinder Engine Gasoline Fuel,134
496.0HP 4.0L 8 Cylinder Engine Gasoline/Mild Electric Hybrid,134
252.0HP 3.9L 8 Cylinder Engine Gasoline Fuel,134
147.0HP 2.4L 4 Cylinder Engine Gas/Electric Hybrid,133
2.9L V6 24V GDI DOHC Twin Turbo,133
375.0HP 2.9L V6 Cylinder Engine Gasoline Fuel,133
240.0HP 3.8L V6 Cylinder Engine Gasoline Fuel,132
247.0HP 2.0L 4 Cylinder Engine Plug-In Electric/Gas,132
401.0HP 6.6L 8 Cylinder Engine Gasoline Fuel,132
375.0HP 3.0L Straight 6 Cylinder Engine Gasoline/Mild Electric Hybrid,131
207.0HP 4.0L V6 Cylinder Engine Gasoline Fuel,131
1.6L I4 16V GDI DOHC Turbo,130
2.5 Liter,130
159.0HP 2.7L 4 Cylinder Engine Gasoline Fuel,130
3.9L V8 32V GDI DOHC Twin Turbo,130
370.0HP 5.7L 8 Cylinder Engine Gasoline Fuel,130
510.0HP 5.0L 8 Cylinder Engine Flex Fuel Capability,129
409.0HP 3.4L V6 Cylinder Engine Gasoline Fuel,128
611.0HP 3.9L 8 Cylinder Engine Gasoline Fuel,128
192.0HP 2.4L 4 Cylinder Engine Gasoline Fuel,126
416.0HP 3.0L V6 Cylinder Engine Plug-In Electric/Gas,126
778.0HP Electric Motor Electric Fuel System,126
228.0HP 3.0L V6 Cylinder Engine Gasoline Fuel,126
429.0HP 5.0L 8 Cylinder Engine Gasoline Fuel,126
717.0HP 6.2L 8 Cylinder Engine Gasoline Fuel,125
143.0HP 1.8L 4 Cylinder Engine Gasoline Fuel,122
169.0HP 2.5L 4 Cylinder Engine Flex Fuel Capability,122
187.0HP 2.5L 4 Cylinder Engine Gasoline Fuel,122
262.0HP 3.5L V6 Cylinder Engine Gasoline Fuel,121
318.0HP 3.6L V6 Cylinder Engine Gasoline Fuel,121
2.5L I4 16V MPFI DOHC,120
1.5L I4 16V GDI DOHC Turbo,119
150.0HP 1.4L 4 Cylinder Engine Gasoline Fuel,119
480.0HP 3.8L V6 Cylinder Engine Gasoline Fuel,118
378.0HP 4.6L 8 Cylinder Engine Gasoline Fuel,118
3.5L V6 24V PDI DOHC Hybrid,117
6.2L V8 16V MPFI SOHC Flexible Fuel,117
275.0HP 3.7L V6 Cylinder Engine Flex Fuel Capability,117
191.0HP 2.5L 4 Cylinder Engine Gasoline Fuel,117
235.0HP 3.2L Straight 6 Cylinder Engine Gasoline Fuel,117
536.0HP Electric Motor Electric Fuel System,116
240.0HP 4.7L 8 Cylinder Engine Gasoline Fuel,116
500.0HP 4.8L 8 Cylinder Engine Gasoline Fuel,116
451.0HP 6.2L 8 Cylinder Engine Gasoline Fuel,115
454.0HP 4.7L 8 Cylinder Engine Gasoline Fuel,115
240.0HP 3.2L Straight 6 Cylinder Engine Gasoline Fuel,115
240.0HP 3.0L V6 Cylinder Engine Flex Fuel Capability,114
394.0HP 4.2L 8 Cylinder Engine Gasoline Fuel,113
225.0HP 3.0L Straight 6 Cylinder Engine Gasoline Fuel,113
6.7L I6 24V DDI OHV Turbo Diesel,113
444.0HP 2.9L V6 Cylinder Engine Gasoline Fuel,112
400.0HP 6.7L Straight 6 Cylinder Engine Diesel Fuel,112
2.4L I4 16V PDI DOHC Turbo,111
440.0HP 3.6L V6 Cylinder Engine Gasoline Fuel,110
310.0HP 5.3L 8 Cylinder Engine Flex Fuel Capability,110
375.0HP Electric Motor Electric Fuel System,109
206.0HP 2.4L 4 Cylinder Engine Gasoline Fuel,109
296.0HP 2.0L 4 Cylinder Engine Gasoline Fuel,109
467.0HP 5.0L 8 Cylinder Engine Gasoline Fuel,109
390.0HP 4.2L 8 Cylinder Engine Gasoline Fuel,108
220.0HP 3.5L 5 Cylinder Engine Gasoline Fuel,108
4.7L 8 Cylinder Engine Gasoline Fuel,107
130.0HP 1.8L 4 Cylinder Engine Gasoline Fuel,107
147.0HP 2.0L 4 Cylinder Engine Gasoline Fuel,106
300.0HP 2.0L 4 Cylinder Engine Gasoline Fuel,106
350.0HP 3.7L V6 Cylinder Engine Gasoline Fuel,105
305.0HP 5.7L 8 Cylinder Engine Gasoline Fuel,104
601.0HP 6.6L 12 Cylinder Engine Gasoline Fuel,104
265.0HP 4.0L V6 Cylinder Engine Gasoline Fuel,104
2.4 Liter,104
2.4L H4 16V GDI DOHC Turbo,103
170.0HP 0.65L Electric Motor Electric Fuel System,103
273.0HP 3.7L V6 Cylinder Engine Gasoline Fuel,103
I4,103
200.0HP 2.5L 4 Cylinder Engine Gas/Electric Hybrid,102
340.0HP 4.2L 8 Cylinder Engine Gasoline Fuel,102
460.0HP 6.2L 8 Cylinder Engine Gasoline Fuel,101
168.0HP 1.6L 4 Cylinder Engine Gasoline Fuel,101
181.0HP 1.5L 3 Cylinder Engine Gasoline Fuel,100
640.0HP 3.8L Flat 6 Cylinder Engine Gasoline Fuel,100
500.0HP 5.0L 10 Cylinder Engine Gasoline Fuel,100
186.0HP 2.5L 4 Cylinder Engine Gasoline Fuel,100
545.0HP 3.8L V6 Cylinder Engine Gasoline Fuel,100
300.0HP 5.7L 8 Cylinder Engine Gasoline Fuel,99
160.0HP 1.5L 4 Cylinder Engine Gasoline Fuel,99
1.3L I3 12V GDI DOHC Turbo,99
148.0HP 2.0L 4 Cylinder Engine Gasoline Fuel,98
571.0HP 6.2L 12 Cylinder Engine Gasoline Fuel,98
5.6 Liter,98
2.0L I4 16V GDI DOHC,97
411.0HP 6.2L 8 Cylinder Engine Gasoline Fuel,97
500.0HP 8.3L 10 Cylinder Engine Gasoline Fuel,97
283.0HP 3.6L V6 Cylinder Engine Gasoline Fuel,97
295.0HP 3.5L V6 Cylinder Engine Gas/Electric Hybrid,96
295.0HP Electric Motor Electric Fuel System,96
248.0HP 2.0L 4 Cylinder Engine Gasoline/Mild Electric Hybrid,95
266.0HP Electric Motor Electric Fuel System,93
591.0HP 4.0L 8 Cylinder Engine Gasoline Fuel,93
224.0HP 2.5L 4 Cylinder Engine Gasoline Fuel,93
227.0HP 2.5L 5 Cylinder Engine Gasoline Fuel,93
6.6L V8 16V GDI OHV,93
317.0HP 5.6L 8 Cylinder Engine Gasoline Fuel,91
3.5L V6 24V PDI DOHC Twin Turbo Hybrid,91
153.0HP 2.3L 4 Cylinder Engine Gasoline Fuel,90
540.0HP 5.4L 8 Cylinder Engine Gasoline Fuel,88
174.0HP 2.8L V6 Cylinder Engine Gasoline Fuel,88
280.0HP 3.0L V6 Cylinder Engine Gasoline Fuel,88
355.0HP Electric Motor Electric Fuel System,88
3.4L V6 24V PDI DOHC Twin Turbo,87
237.0HP 2.2L 4 Cylinder Engine Gasoline Fuel,87
2.5L H4 16V GDI DOHC,87
165.0HP 2.5L 4 Cylinder Engine Gasoline Fuel,87
3.8L V8 32V MPFI DOHC Twin Turbo,86
523.0HP 6.0L 12 Cylinder Engine Gasoline Fuel,86
5.0L 8 Cylinder,86
330.0HP 2.0L 4 Cylinder Engine Gasoline Fuel,86
250.0HP 7.3L 8 Cylinder Engine Diesel Fuel,85
502.0HP 4.0L Flat 6 Cylinder Engine Gasoline Fuel,85
303.0HP 3.6L V6 Cylinder Engine Gasoline Fuel,85
255.0HP 3.6L V6 Cylinder Engine Gasoline Fuel,85
3.0L I6 24V DDI DOHC Turbo Diesel,85
485.0HP 3.8L V6 Cylinder Engine Gasoline Fuel,84
132.0HP 1.6L 4 Cylinder Engine Gasoline Fuel,84
140.0HP 2.8L V6 Cylinder Engine Gasoline Fuel,84
365.0HP 2.5L 4 Cylinder Engine Gasoline Fuel,83
2.0L I4 16V GDI DOHC Turbo Flexible Fuel,83
218.0HP 2.5L 5 Cylinder Engine Gasoline Fuel,83
205.0HP 3.8L V6 Cylinder Engine Gasoline Fuel,83
390.0HP 5.7L 8 Cylinder Engine Gasoline Fuel,83
300.0HP 3.5L V6 Cylinder Engine Gasoline Fuel,82
355.0HP 3.0L Straight 6 Cylinder Engine Gasoline/Mild Electric Hybrid,82
390.0HP 4.6L 8 Cylinder Engine Gasoline Fuel,82
260.0HP 5.7L 8 Cylinder Engine Gasoline Fuel,82
295.0HP 3.6L V6 Cylinder Engine Flex Fuel Capability,81
591.0HP 4.0L 8 Cylinder Engine Gasoline/Mild Electric Hybrid,81
190.0HP 4.3L V6 Cylinder Engine Gasoline Fuel,81
167.0HP 2.0L 4 Cylinder Engine Gasoline Fuel,81
2.0L I4 16V MPFI DOHC Hybrid,81
550.0HP 5.2L 10 Cylinder Engine Gasoline Fuel,80
175.0HP 3.9L V6 Cylinder Engine Gasoline Fuel,80
3.0L I6 24V GDI DOHC Twin Turbo,79
670.0HP 5.5L 8 Cylinder Engine Gasoline Fuel,79
6.2L V8 16V GDI OHV Supercharged,79
320.0HP Electric Motor Electric Fuel System,79
602.0HP 3.9L 8 Cylinder Engine Gasoline Fuel,79
140.0HP 2.4L 4 Cylinder Engine Gasoline Fuel,79
354.0HP 3.5L V6 Cylinder Engine Gas/Electric Hybrid,78
3.0L V6 24V GDI DOHC Supercharged,77
250.0HP 2.5L 5 Cylinder Engine Gasoline Fuel,77
400.0HP 6.7L 8 Cylinder Engine Diesel Fuel,76
366.0HP 6.0L 8 Cylinder Engine Gasoline Fuel,76
206.0HP 2.4L 4 Cylinder Engine Gas/Electric Hybrid,75
370.0HP 6.7L Straight 6 Cylinder Engine Diesel Fuel,75
266.0HP 3.5L V6 Cylinder Engine Gasoline Fuel,75
330.0HP 3.4L Flat 6 Cylinder Engine Gasoline Fuel,75
3.5 Liter GTDI,75
5.7L V8 32V MPFI DOHC,75
440.0HP 4.7L 8 Cylinder Engine Gasoline Fuel,74
235.0HP 4.7L 8 Cylinder Engine Flex Fuel Capability,73
174.0HP 2.0L 4 Cylinder Engine Gasoline Fuel,73
400.0HP 6.75L 8 Cylinder Engine Gasoline Fuel,73
375.0HP 5.7L 8 Cylinder Engine Gasoline Fuel,72
215.0HP 3.0L Straight 6 Cylinder Engine Gasoline Fuel,72
291.0HP 2.0L 4 Cylinder Engine Gasoline Fuel,72
400.0HP 2.0L 4 Cylinder Engine Plug-In Electric/Gas,72
5.7 Liter,71
2.4L I4 16V MPFI SOHC,70
397.0HP 6.6L 8 Cylinder Engine Diesel Fuel,70
493.0HP 5.0L 10 Cylinder Engine Gasoline Fuel,69
455.0HP 2.0L 4 Cylinder Engine Plug-In Electric/Gas,69
264.0HP 3.0L V6 Cylinder Engine Gasoline Fuel,69
563.0HP 6.7L 12 Cylinder Engine Gasoline Fuel,69
276.0HP 3.5L V6 Cylinder Engine Gasoline Fuel,69
450.0HP 4.2L 8 Cylinder Engine Gasoline Fuel,69
329.0HP Electric Motor Electric Fuel System,69
173.0HP 2.4L 4 Cylinder Engine Gasoline Fuel,69
4.4 Liter DOHC Twin Turbo,68
518.0HP 6.2L 8 Cylinder Engine Gasoline Fuel,68
525.0HP 5.2L 10 Cylinder Engine Gasoline Fuel,68
203.0HP 2.5L 4 Cylinder Engine Gasoline Fuel,68
4.0 Liter TFSI,68
232.0HP 1.3L Rotary engine Gasoline Fuel,67
201.0HP Electric Motor Electric Fuel System,67
493.0HP 5.5L 12 Cylinder Engine Gasoline Fuel,67
210.0HP 3.0L V6 Cylinder Engine Gasoline Fuel,67
430.0HP 3.8L Flat 6 Cylinder Engine Gasoline Fuel,67
184.0HP 2.0L 4 Cylinder Engine Gasoline Fuel,67
346.0HP Electric Motor Electric Fuel System,67
362.0HP 3.0L Straight 6 Cylinder Engine Gasoline/Mild Electric Hybrid,66
Intercooled Turbo Premium Unleaded I-4 2.0 L/122,66
225.0HP 4.6L 8 Cylinder Engine Gasoline Fuel,66
315.0HP 2.0L 4 Cylinder Engine Gasoline Fuel,65
616.0HP 6.0L 12 Cylinder Engine Gasoline Fuel,65
265.0HP 3.0L V6 Cylinder Engine Gasoline Fuel,65
138.0HP 1.6L 4 Cylinder Engine Gasoline Fuel,64
Intercooled Turbo Diesel V-8 6.7 L/406,64
200.0HP Electric Motor Electric Fuel System,64
1.5L I3 12V GDI DOHC Turbo,64
147.0HP 1.4L 4 Cylinder Engine Gasoline Fuel,64
360.0HP 4.6L 8 Cylinder Engine Gasoline Fuel,64
369.0HP 1.5L 3 Cylinder Engine Plug-In Electric/Gas,63
201.0HP 2.0L 4 Cylinder Engine Gasoline Fuel,63
173.0HP 1.6L 4 Cylinder Engine Gasoline Fuel,63
393.0HP 6.2L 8 Cylinder Engine Gasoline Fuel,62
2.0 Liter TSI,62
245.0HP 3.5L V6 Cylinder Engine Gas/Electric Hybrid,62
3.0L,62
510.0HP 5.5L 12 Cylinder Engine Gasoline Fuel,62
170.0HP 2.5L Straight 6 Cylinder Engine Gasoline Fuel,62
181.0HP 2.0L 4 Cylinder Engine Gasoline Fuel,62
1020.0HP Electric Motor Electric Fuel System,62
375.0HP 5.6L 8 Cylinder Engine Gasoline Fuel,62
161.0HP 2.1L 4 Cylinder Engine Diesel Fuel,62
326.0HP 3.0L Straight 6 Cylinder Engine Gasoline Fuel,61
422.0HP Electric Motor Electric Fuel System,61
6.8L V12 48V GDI DOHC Twin Turbo,61
276.0HP 2.0L 4 Cylinder Engine Gasoline Fuel,61
245.0HP 3.5L V6 Cylinder Engine Gasoline Fuel,61
3.6 Liter DOHC,60
797.0HP 6.2L 8 Cylinder Engine Gasoline Fuel,60
390.0HP 6.0L 8 Cylinder Engine Gasoline Fuel,59
192.0HP 2.3L 4 Cylinder Engine Gasoline Fuel,59
4.0L V8 32V MPFI DOHC Twin Turbo,59
190.0HP 2.4L 4 Cylinder Engine Gasoline Fuel,59
115.0HP 1.7L 4 Cylinder Engine Gasoline Fuel,59
573.0HP 5.2L 10 Cylinder Engine Gasoline Fuel,58
500.0HP 4.0L Flat 6 Cylinder Engine Gasoline Fuel,58
296.0HP 2.0L 4 Cylinder Engine Gasoline/Mild Electric Hybrid,58
450.0HP 3.0L Flat 6 Cylinder Engine Gasoline Fuel,58
168.0HP 2.4L 4 Cylinder Engine Gasoline Fuel,58
182.0HP 4.0L 8 Cylinder Engine Gasoline Fuel,58
132.0HP 2.0L 4 Cylinder Engine Gasoline Fuel,58
420.0HP 4.8L 8 Cylinder Engine Gasoline Fuel,57
2.7L V6 24V GDI DOHC Twin Turbo,57
759.0HP 6.5L 12 Cylinder Engine Gasoline Fuel,57
3.4L V6 24V PDI DOHC Twin Turbo Hybrid,57
4.7 Liter Twin Turbo,57
348.0HP 3.0L V6 Cylinder Engine Gasoline Fuel,56
286.0HP 3.5L V6 Cylinder Engine Gasoline Fuel,56
133.0HP 2.2L 4 Cylinder Engine Gasoline Fuel,56
6.0L 8 Cylinder Engine Gasoline Fuel,56
6.4 Liter,56
255.0HP 3.2L V6 Cylinder Engine Gasoline Fuel,56
473.0HP 3.0L Flat 6 Cylinder Engine Gasoline Fuel,56
3.0 Liter DOHC Turbo,55
271.0HP 3.5L V6 Cylinder Engine Gasoline Fuel,55
305.0HP 6.8L 10 Cylinder Engine Gasoline Fuel,54
557.0HP 5.0L 8 Cylinder Engine Gasoline Fuel,54
5.2L V12 48V GDI DOHC Twin Turbo,53
263.0HP 2.3L 4 Cylinder Engine Gasoline Fuel,53
521.0HP 4.0L 8 Cylinder Engine Gasoline Fuel,53
Standard Range Battery,53
616.0HP Electric Motor Electric Fuel System,53
375.0HP 2.0L 4 Cylinder Engine Gasoline Fuel,52
300.0HP 2.5L 5 Cylinder Engine Gasoline Fuel,52
345.0HP 6.0L 8 Cylinder Engine Gasoline Fuel,52
325.0HP 2.9L V6 Cylinder Engine Gasoline Fuel,52
6.2 Liter,52
6.3L V12 48V GDI DOHC,52
258.0HP 3.2L V6 Cylinder Engine Gasoline Fuel,52
500.0HP 4.0L 8 Cylinder Engine Gasoline Fuel,52
131.0HP 2.0L 4 Cylinder Engine Gasoline Fuel,52
440.0HP 2.9L V6 Cylinder Engine Gasoline Fuel,52
3.8L V8 32V GDI DOHC Twin Turbo,51
315.0HP 5.3L 8 Cylinder Engine Flex Fuel Capability,51
270.0HP 2.0L 4 Cylinder Engine Gasoline Fuel,51
256.0HP 2.0L 4 Cylinder Engine Gasoline Fuel,51
188.0HP 2.0L 4 Cylinder Engine Plug-In Electric/Gas,51
2.7L I4 16V GDI DOHC Turbo,51
270.0HP 4.8L 8 Cylinder Engine Gasoline Fuel,51
444.0HP 3.0L Straight 6 Cylinder Engine Gasoline Fuel,50
624.0HP 6.6L 12 Cylinder Engine Gasoline Fuel,50
470.0HP 6.4L 8 Cylinder Engine Gasoline Fuel,50
245.0HP 5.9L 8 Cylinder Engine Gasoline Fuel,50
380.0HP 4.3L 8 Cylinder Engine Gasoline Fuel,50
2.9 Liter Turbo,50
245.0HP 5.9L Straight 6 Cylinder Engine Diesel Fuel,50
200.0HP 2.2L 4 Cylinder Engine Gasoline Fuel,50
179.0HP 1.5L 4 Cylinder Engine Gasoline Fuel,49
390.0HP 5.0L 8 Cylinder Engine Gasoline Fuel,49
550.0HP 5.5L 8 Cylinder Engine Gasoline Fuel,49
2.4L I4 16V MPFI DOHC,49
621.0HP 6.0L 12 Cylinder Engine Gasoline Fuel,49
250.0HP 5.9L Straight 6 Cylinder Engine Diesel Fuel,49
166.0HP 2.0L 4 Cylinder Engine Gasoline Fuel,49
146.0HP 2.0L 4 Cylinder Engine Gasoline Fuel,49
290.0HP 4.3L 8 Cylinder Engine Gasoline Fuel,49
355.0HP 2.0L 4 Cylinder Engine Gasoline Fuel,48
200.0HP 1.6L 4 Cylinder Engine Gasoline Fuel,48
640.0HP 6.2L 8 Cylinder Engine Gasoline Fuel,48
285.0HP 4.3L V6 Cylinder Engine Flex Fuel Capability,48
360.0HP 3.5L V6 Cylinder Engine Gas/Electric Hybrid,48
275.0HP 3.5L V6 Cylinder Engine Gasoline Fuel,48
V8,48
171.0HP 2.5L 4 Cylinder Engine Gasoline Fuel,48
285.0HP 5.3L 8 Cylinder Engine Gasoline Fuel,47
305.0HP 5.6L 8 Cylinder Engine Gasoline Fuel,47
298.0HP 3.5L V6 Cylinder Engine Gasoline Fuel,47
300.0HP 6.0L 8 Cylinder Engine Gasoline Fuel,47
602.0HP 5.2L 10 Cylinder Engine Gasoline Fuel,47
325.0HP 5.7L 8 Cylinder Engine Gasoline Fuel,47
362.0HP 5.4L 8 Cylinder Engine Gasoline Fuel,47
444.0HP 2.9L V6 Cylinder Engine Gasoline/Mild Electric Hybrid,46
180.0HP 2.5L 4 Cylinder Engine Gasoline Fuel,46
295.0HP 4.8L 8 Cylinder Engine Gasoline Fuel,46
227.0HP 2.0L 4 Cylinder Engine Gasoline Fuel,46
261.0HP 2.0L 4 Cylinder Engine Gasoline/Mild Electric Hybrid,46
444.0HP 5.0L 8 Cylinder Engine Gasoline Fuel,46
286.0HP 2.0L 4 Cylinder Engine Gasoline Fuel,45
729.0HP 6.5L 12 Cylinder Engine Gasoline Fuel,45
365.0HP 3.0L Straight 6 Cylinder Engine Gasoline Fuel,45
6.6 Liter Twin Turbo,45
363.0HP 5.7L 8 Cylinder Engine Gasoline Fuel,45
400.0HP 4.2L 8 Cylinder Engine Gasoline Fuel,45
169.0HP 2.4L 4 Cylinder Engine Gasoline Fuel,45
651.0HP 6.3L 12 Cylinder Engine Gasoline Fuel,44
4.0 Liter Turbo,44
270.0HP 3.2L V6 Cylinder Engine Gasoline Fuel,44
3.5L V6 24V GDI DOHC,44
275.0HP 4.8L 8 Cylinder Engine Gasoline Fuel,44
101.0HP 1.4L 4 Cylinder Engine Gasoline Fuel,44
201.0HP 3.5L V6 Cylinder Engine Gasoline Fuel,44
385.0HP 6.7L Straight 6 Cylinder Engine Diesel Fuel,44
710.0HP 4.0L 8 Cylinder Engine Gasoline Fuel,43
153.0HP 1.4L 4 Cylinder Engine Gasoline Fuel,43
240.0HP 2.7L Flat 6 Cylinder Engine Gasoline Fuel,43
453.0HP 4.0L 8 Cylinder Engine Gasoline Fuel,43
2.0 Liter DOHC T/C,42
660.0HP 3.9L 8 Cylinder Engine Gasoline Fuel,42
324.0HP 6.0L 8 Cylinder Engine Flex Fuel Capability,42
261.0HP 1.6L 4 Cylinder Engine Plug-In Electric/Gas,42
261.0HP 2.0L 4 Cylinder Engine Gasoline Fuel,42
420.0HP 5.6L 8 Cylinder Engine Gasoline Fuel,42
2.5L I4 16V PDI DOHC Hybrid,41
5.3 Liter,41
212.0HP 4.5L Straight 6 Cylinder Engine Gasoline Fuel,41
150.0HP 2.7L 4 Cylinder Engine Gasoline Fuel,41
260.0HP 3.6L V6 Cylinder Engine Gasoline Fuel,41
285.0HP 5.7L 8 Cylinder Engine Gasoline Fuel,41
702.0HP 6.2L 8 Cylinder Engine Gasoline Fuel,41
252.0HP 3.6L V6 Cylinder Engine Gasoline Fuel,41
181.0HP 1.5L 4 Cylinder Engine Gasoline Fuel,41
260.0HP 5.4L 8 Cylinder Engine Gasoline Fuel,41
456.0HP 4.0L 8 Cylinder Engine Gasoline Fuel,40
208.0HP 2.0L 4 Cylinder Engine Flex Fuel Capability,40
255.0HP 4.8L 8 Cylinder Engine Gasoline Fuel,40
198.0HP 2.4L 4 Cylinder Engine Gasoline Fuel,40
372.0HP 5.7L 8 Cylinder Engine Gasoline Fuel,40
136.0HP 1.8L 4 Cylinder Engine Gasoline Fuel,40
231.0HP 2.0L 4 Cylinder Engine Gasoline Fuel,39
200.0HP 4.3L V6 Cylinder Engine Gasoline Fuel,39
562.0HP 5.2L 10 Cylinder Engine Gasoline Fuel,39
471.0HP 6.4L 8 Cylinder Engine Gasoline Fuel,39
335.0HP 4.6L 8 Cylinder Engine Gasoline Fuel,39
4.2L V8 32V GDI DOHC Twin Turbo,39
266.0HP 4.0L V6 Cylinder Engine Gasoline Fuel,39
1.2L I3 12V GDI DOHC Turbo,39
255.0HP 2.9L Flat 6 Cylinder Engine Gasoline Fuel,39
330.0HP 5.7L 8 Cylinder Engine Gasoline Fuel,39
360.0HP 6.6L 8 Cylinder Engine Diesel Fuel,39
550.0HP 5.4L 8 Cylinder Engine Gasoline Fuel,38
303.0HP 3.7L V6 Cylinder Engine Gasoline Fuel,38
244.0HP 3.5L V6 Cylinder Engine Gasoline Fuel,38
212.0HP 1.3L Rotary engine Gasoline Fuel,38
430.0HP 3.5L V6 Cylinder Engine Gas/Electric Hybrid,37
245.0HP 2.7L Flat 6 Cylinder Engine Gasoline Fuel,37
290.0HP 3.8L V6 Cylinder Engine Gasoline Fuel,37
483.0HP 4.3L 8 Cylinder Engine Gasoline Fuel,37
281.0HP 2.5L 4 Cylinder Engine Gasoline Fuel,37
400.0HP 3.6L V6 Cylinder Engine Gasoline Fuel,37
107.0HP Electric Motor Electric Fuel System,37
2.7 Liter DOHC Turbo,37
230.0HP 5.2L 8 Cylinder Engine Gasoline Fuel,36
400.0HP 2.5L 5 Cylinder Engine Gasoline Fuel,36
3.6L V6 24V MPFI DOHC Hybrid,36
323.0HP 6.0L 8 Cylinder Engine Gasoline Fuel,36
305.0HP 3.6L V6 Cylinder Engine Flex Fuel Capability,36
162.0HP 2.4L 4 Cylinder Engine Gasoline Fuel,36
210.0HP 2.5L 4 Cylinder Engine Gasoline Fuel,35
303.0HP 3.5L V6 Cylinder Engine Gasoline Fuel,35
4.0L,35
416.0HP Electric Motor Electric Fuel System,35
303.0HP 5.3L 8 Cylinder Engine Gasoline Fuel,35
3.8L H6 24V MPFI DOHC,35
3.0 Liter SC ULEV,35
382.0HP 2.0L 4 Cylinder Engine Gasoline Fuel,35
550.0HP 6.0L 12 Cylinder Engine Gasoline Fuel,35
2.5L H4 16V MPFI DOHC,35
2.0L I4 16V PDI DOHC Turbo,35
1.6L I4 16V GDI DOHC Turbo Hybrid,35
375.0HP 2.0L 4 Cylinder Engine Plug-In Electric/Gas,34
148.0HP 3.0L V6 Cylinder Engine Gasoline Fuel,34
420.0HP 4.7L 8 Cylinder Engine Gasoline Fuel,34
469.0HP 5.4L 8 Cylinder Engine Gasoline Fuel,34
300.0HP 6.6L 8 Cylinder Engine Diesel Fuel,34
177.0HP 2.4L 4 Cylinder Engine Gasoline Fuel,34
3.6L V6 GDI DOHC,34
247.0HP 2.0L 4 Cylinder Engine Gasoline/Mild Electric Hybrid,34
186.0HP 2.0L 4 Cylinder Engine Gasoline Fuel,33
150.0HP 3.8L V6 Cylinder Engine Gasoline Fuel,33
480.0HP 5.0L 8 Cylinder Engine Gasoline Fuel,33
550.0HP 5.0L 8 Cylinder Engine Flex Fuel Capability,33
302.0HP 2.5L 4 Cylinder Engine Plug-In Electric/Gas,33
3.0 Liter GTDI,33
172.0HP 2.4L 4 Cylinder Engine Gas/Electric Hybrid,33
306.0HP 2.0L 4 Cylinder Engine Gasoline Fuel,33
400.0HP 6.2L 8 Cylinder Engine Gasoline Fuel,33
8.0L W16 64V GDI DOHC Twin Turbo,33
180.0HP 2.4L 4 Cylinder Engine Flex Fuel Capability,33
225.0HP 1.8L 4 Cylinder Engine Gasoline Fuel,33
788.0HP 6.5L 12 Cylinder Engine Gasoline Fuel,33
272.0HP 3.0L V6 Cylinder Engine Gasoline Fuel,33
181.0HP 2.5L 4 Cylinder Engine Gasoline Fuel,32
416.0HP 3.5L V6 Cylinder Engine Gasoline Fuel,32
180.0HP 1.6L 4 Cylinder Engine Gasoline Fuel,32
150.0HP 2.0L 4 Cylinder Engine Diesel Fuel,32
345.0HP 3.0L V6 Cylinder Engine Gasoline Fuel,32
276.0HP 3.6L V6 Cylinder Engine Gasoline Fuel,32
295.0HP 3.4L Flat 6 Cylinder Engine Gasoline Fuel,32
265.0HP 3.2L V6 Cylinder Engine Gasoline Fuel,32
255.0HP 3.0L Straight 6 Cylinder Engine Gasoline Fuel,31
362.0HP Electric Motor Electric Fuel System,31
6.8L V12 48V GDI DOHC,31
405.0HP 4.2L 8 Cylinder Engine Gasoline Fuel,31
555.0HP 4.4L 8 Cylinder Engine Gasoline Fuel,31
340.0HP 3.0L V6 Cylinder Engine Flex Fuel Capability,30
215.0HP 3.8L V6 Cylinder Engine Gasoline Fuel,30
355.0HP 5.7L 8 Cylinder Engine Gasoline Fuel,30
3.5L 24V SOHC I-VTEC V6,30
345.0HP 3.6L Flat 6 Cylinder Engine Gasoline Fuel,30
3.8L V6 24V MPFI DOHC Twin Turbo,30
210.0HP 5.8L 8 Cylinder Engine Gasoline Fuel,30
282.0HP 3.5L V6 Cylinder Engine Flex Fuel Capability,30
552.0HP 6.0L 12 Cylinder Engine Flex Fuel Capability,29
553.0HP 3.9L 8 Cylinder Engine Gasoline Fuel,29
106.0HP 1.5L 4 Cylinder Engine Gasoline Fuel,29
2.0L I4 16V GDI DOHC Hybrid,29
808.0HP 6.2L 8 Cylinder Engine Gasoline Fuel,29
152.0HP 3.0L V6 Cylinder Engine Flex Fuel Capability,29
3.0L V6 24V PDI DOHC Twin Turbo,29
320.0HP 3.6L Flat 6 Cylinder Engine Gasoline Fuel,29
380.0HP 5.4L 8 Cylinder Engine Gasoline Fuel,29
473.0HP 3.0L Straight 6 Cylinder Engine Gasoline Fuel,29
645.0HP 8.4L 10 Cylinder Engine Gasoline Fuel,28
173.0HP 2.0L 4 Cylinder Engine Gasoline Fuel,28
215.0HP 1.6L 4 Cylinder Engine Gasoline Fuel,28
2.5L I4 16V MPFI DOHC Hybrid,28
420.0HP 5.9L 12 Cylinder Engine Gasoline Fuel,28
170.0HP 3.3L V6 Cylinder Engine Gasoline Fuel,28
201.0HP 1.6L 4 Cylinder Engine Gasoline Fuel,28
212.0HP 2.0L 4 Cylinder Engine Gas/Electric Hybrid,28
221.0HP 2.0L 4 Cylinder Engine Gasoline Fuel,28
3.6 Liter SIDI DOHC,28
650.0HP 5.8L 8 Cylinder Engine Gasoline Fuel,28
260.0HP 6.6L 8 Cylinder Engine Diesel Fuel,28
190.0HP 2.8L Straight 6 Cylinder Engine Gasoline Fuel,28
310.0HP 2.7L 4 Cylinder Engine Gasoline Fuel,28
482.0HP Electric Motor Electric Fuel System,28
533.0HP Electric Motor Electric Fuel System,28
556.0HP 6.2L 8 Cylinder Engine Gasoline Fuel,27
115.0HP 2.0L 4 Cylinder Engine Gasoline Fuel,27
305.0HP 3.6L V6 Cylinder Engine Gasoline/Mild Electric Hybrid,27
242.0HP 3.3L V6 Cylinder Engine Gasoline Fuel,27
715.0HP 5.2L 12 Cylinder Engine Gasoline Fuel,27
205.0HP 1.5L 4 Cylinder Engine Gasoline Fuel,27
215.0HP 2.5L Straight 6 Cylinder Engine Gasoline Fuel,27
401.0HP 2.5L 5 Cylinder Engine Gasoline Fuel,27
405.0HP 5.7L 8 Cylinder Engine Gasoline Fuel,27
335.0HP 5.7L 8 Cylinder Engine Gasoline Fuel,27
3.4L H6 24V MPFI DOHC,27
1.6L I4 16V MPFI DOHC,27
5.4 Liter SC DOHC,27
5.4 Liter,26
5.5 Liter,26
243.0HP 2.5L 4 Cylinder Engine Gasoline Fuel,26
225.0HP 4.6L 8 Cylinder Engine Flex Fuel Capability,26
180.0HP 2.0L 4 Cylinder Engine Gasoline Fuel,26
Dual AC Electric Motors,26
176.0HP 2.5L 4 Cylinder Engine Gasoline Fuel,25
326.0HP 5.4L 12 Cylinder Engine Gasoline Fuel,25
120.0HP 1.6L 4 Cylinder Engine Gasoline Fuel,25
4.2L V8 32V GDI DOHC,25
222.0HP 3.0L V6 Cylinder Engine Gasoline Fuel,25
104.0HP 1.6L 4 Cylinder Engine Gasoline Fuel,25
115.0HP 1.6L 4 Cylinder Engine Gasoline Fuel,25
357.0HP 1.5L 3 Cylinder Engine Plug-In Electric/Gas,24
3.2L V6 24V MPFI DOHC,24
402.0HP Electric Motor Electric Fuel System,24
275.0HP 4.2L Straight 6 Cylinder Engine Gasoline Fuel,24
451.0HP 6.3L 8 Cylinder Engine Gasoline Fuel,24
353.0HP 6.0L 8 Cylinder Engine Gasoline Fuel,24
210.0HP 4.0L Straight 6 Cylinder Engine Gasoline Fuel,24
290.0HP 7.4L 8 Cylinder Engine Gasoline Fuel,24
340.0HP 3.4L Flat 6 Cylinder Engine Gasoline Fuel,24
325.0HP 8.1L 8 Cylinder Engine Gasoline Fuel,23
175.0HP 1.6L 4 Cylinder Engine Gasoline Fuel,23
415.0HP 3.6L Flat 6 Cylinder Engine Gasoline Fuel,23
2.0 Liter Supercharged,23
340.0HP 8.1L 8 Cylinder Engine Gasoline Fuel,23
2.5L 4 Cylinder Engine Gasoline Fuel,23
170.0HP 2.0L 4 Cylinder Engine Gasoline Fuel,23
197.0HP 2.5L 4 Cylinder Engine Gasoline Fuel,23
1.6L I4 16V GDI DOHC Hybrid,23
201.0HP 2.0L 4 Cylinder Engine Gasoline/Mild Electric Hybrid,23
405.0HP 3.0L V6 Cylinder Engine Gasoline Fuel,23
325.0HP 3.4L Flat 6 Cylinder Engine Gasoline Fuel,23
605.0HP 5.7L 10 Cylinder Engine Gasoline Fuel,23
540.0HP 4.4L 8 Cylinder Engine Gasoline Fuel,22
160.0HP 1.4L 4 Cylinder Engine Gasoline Fuel,22
126.0HP 1.8L 4 Cylinder Engine Gasoline Fuel,22
156.0HP 2.5L 4 Cylinder Engine Gas/Electric Hybrid,22
281.0HP 3.0L Straight 6 Cylinder Engine Gasoline Fuel,22
319.0HP 6.0L 8 Cylinder Engine Gasoline Fuel,22
500.0HP 5.4L 8 Cylinder Engine Gasoline Fuel,22
250.0HP 3.0L V6 Cylinder Engine Diesel Fuel,22
395.0HP 6.0L 8 Cylinder Engine Gasoline Fuel,22
306.0HP 3.0L Straight 6 Cylinder Engine Gasoline Fuel,21
321.0HP 3.0L V6 Cylinder Engine Gas/Electric Hybrid,21
1.4L I4 16V GDI DOHC Turbo,21
360.0HP 4.2L 8 Cylinder Engine Gasoline Fuel,21
156.0HP 2.0L 4 Cylinder Engine Gasoline Fuel,21
211.0HP 2.0L 4 Cylinder Engine Diesel Fuel,21
3.2L H6 24V MPFI DOHC,21
205.0HP 2.0L 4 Cylinder Engine Gasoline Fuel,21
161.0HP 2.4L 4 Cylinder Engine Gasoline Fuel,21
271.0HP 2.4L 4 Cylinder Engine Gasoline Fuel,21
310.0HP 4.7L 8 Cylinder Engine Flex Fuel Capability,21
109.0HP 1.6L 4 Cylinder Engine Gasoline Fuel,21
192.0HP 1.5L 4 Cylinder Engine Gasoline Fuel,20
417.0HP Electric Motor Electric Fuel System,20
405.0HP 4.8L 8 Cylinder Engine Gasoline Fuel,20
301.0HP 3.6L V6 Cylinder Engine Gasoline Fuel,20
342.0HP 6.0L 8 Cylinder Engine Flex Fuel Capability,20
109.0HP 1.5L 4 Cylinder Engine Gasoline Fuel,20
403.0HP 2.0L Electric Motor Electric Fuel System,20
360.0HP 2.5L 5 Cylinder Engine Gasoline Fuel,20
407.0HP 4.4L 8 Cylinder Engine Gasoline Fuel,20
355.0HP 6.0L 8 Cylinder Engine Gasoline Fuel,20
6.0L V8 16V MPFI OHV Flexible Fuel,20
691.0HP Electric Motor Electric Fuel System,20
210.0HP 2.0L 4 Cylinder Engine Diesel Fuel,20
221.0HP 2.5L 4 Cylinder Engine Plug-In Electric/Gas,19
6.4L V8 32V DDI OHV Twin Turbo Diesel,19
425.0HP 4.7L 8 Cylinder Engine Gasoline Fuel,19
325.0HP 2.0L 4 Cylinder Engine Gasoline/Mild Electric Hybrid,19
271.0HP 2.0L 4 Cylinder Engine Gasoline Fuel,19
260.0HP 3.0L V6 Cylinder Engine Diesel Fuel,19
197.0HP 3.8L V6 Cylinder Engine Gasoline Fuel,19
134.0HP 1.5L 3 Cylinder Engine Gasoline Fuel,19
282.0HP 4.4L 8 Cylinder Engine Gasoline Fuel,19
227.0HP 1.6L 4 Cylinder Engine Gas/Electric Hybrid,19
190.0HP 2.3L 4 Cylinder Engine Gasoline Fuel,18
180.0HP 1.6L 4 Cylinder Engine Plug-In Electric/Gas,18
219.0HP 2.5L 4 Cylinder Engine Gas/Electric Hybrid,18
190.0HP 1.8L 4 Cylinder Engine Gasoline Fuel,18
275.0HP 2.0L 4 Cylinder Engine Gasoline Fuel,18
303.0HP 3.4L Flat 6 Cylinder Engine Gasoline Fuel,18
430.0HP 4.7L 8 Cylinder Engine Gasoline Fuel,18
Battery Electric,18
2.0L I4 16V GDI DOHC Flexible Fuel,17
321.0HP Electric Motor Electric Fuel System,17
6.0L V8 16V MPFI OHV,17
1.5 Liter Turbo,17
400.0HP 5.0L 8 Cylinder Engine Gasoline Fuel,17
354.0HP 4.2L 8 Cylinder Engine Gasoline Fuel,17
212.0HP 1.5L 4 Cylinder Engine Plug-In Electric/Gas,17
193.0HP 2.5L 4 Cylinder Engine Gasoline Fuel,17
341.0HP 6.0L 8 Cylinder Engine Flex Fuel Capability,16
308.0HP 3.6L V6 Cylinder Engine Flex Fuel Capability,16
402.0HP 4.6L 8 Cylinder Engine Gasoline Fuel,16
560.0HP 5.2L 10 Cylinder Engine Gasoline Fuel,16
270.0HP 2.3L 4 Cylinder Engine Gasoline Fuel,16
335.0HP 6.6L 8 Cylinder Engine Diesel Fuel,16
500.0HP Electric Motor Electric Fuel System,15
250.0HP 3.2L V6 Cylinder Engine Gasoline Fuel,15
214.0HP Electric Motor Electric Fuel System,15
320.0HP 4.6L 8 Cylinder Engine Gasoline Fuel,15
174.0HP 1.5L 4 Cylinder Engine Gasoline Fuel,14
5.8L V8 32V MPFI DOHC Supercharged,14
279.0HP 3.5L V6 Cylinder Engine Gasoline Fuel,14
12 Cylinder Engine,14
638.0HP 6.2L 8 Cylinder Engine Gasoline Fuel,14
182.0HP 2.4L 4 Cylinder Engine Gasoline/Mild Electric Hybrid,14
180.0HP 3.4L V6 Cylinder Engine Gasoline Fuel,14
151.0HP Electric Motor Hydrogen Fuel,14
250.0HP 3.0L Flat 6 Cylinder Engine Gasoline Fuel,14
239.0HP 3.7L 5 Cylinder Engine Gasoline Fuel,14
192.0HP 2.0L 4 Cylinder Engine Gas/Electric Hybrid,14
620.0HP Electric Motor Electric Fuel System,13
290.0HP Electric Motor Electric Fuel System,13
1.3L I3 12V MPFI DOHC Turbo,13
134.0HP 1.8L 4 Cylinder Engine Plug-In Electric/Gas,13
450.0HP 4.5L 8 Cylinder Engine Gasoline Fuel,13
495.0HP 5.0L 8 Cylinder Engine Gasoline Fuel,13
138.0HP 2.0L 4 Cylinder Engine Gasoline Fuel,13
76.0HP 1.5L 4 Cylinder Engine Gas/Electric Hybrid,13
161.0HP 2.0L 4 Cylinder Engine Diesel Fuel,12
245.0HP 2.5L 4 Cylinder Engine Gas/Electric Hybrid,12
294.0HP 4.2L 8 Cylinder Engine Gasoline Fuel,12
5.3L V8 16V MPFI OHV Flexible Fuel,12
155.0HP 1.3L 3 Cylinder Engine Gasoline Fuel,12
137.0HP 1.8L 4 Cylinder Engine Gasoline Fuel,11
6.2L V8 32V MPFI DOHC,11
317.0HP 5.6L 8 Cylinder Engine Flex Fuel Capability,11
182.0HP Electric Motor Hydrogen Fuel,11
316.0HP 6.2L 8 Cylinder Engine Flex Fuel Capability,11
145.0HP 1.8L 4 Cylinder Engine Gasoline Fuel,11
147.0HP Electric Motor Electric Fuel System,10
287.0HP 3.6L V6 Cylinder Engine Gasoline Fuel,10
253.0HP 3.5L V6 Cylinder Engine Gasoline Fuel,10
444.0HP 4.7L 8 Cylinder Engine Gasoline Fuel,10
197.0HP 1.6L 4 Cylinder Engine Gasoline Fuel,10
120 AH,10
154.0HP 2.7L 5 Cylinder Engine Diesel Fuel,10
325.0HP 3.0L Straight 6 Cylinder Engine Gasoline Fuel,9
567.0HP 6.0L 12 Cylinder Engine Flex Fuel Capability,9
111.2Ah / FR 70kW / RR 160kW (697V),9
2.5L,9
3.2L V6 18V MPFI SOHC,9
178.0HP 1.8L 4 Cylinder Engine Gasoline Fuel,9
332.0HP 6.0L 8 Cylinder Engine Gas/Electric Hybrid,9
4.4 Liter GDI DOHC Twin Turbo,8
288.0HP 2.0L 4 Cylinder Engine Plug-In Electric/Gas,8
180.0HP 6.5L 8 Cylinder Engine Diesel Fuel,8
260.0HP 3.0L Straight 6 Cylinder Engine Gasoline Fuel,8
3.0L V6 Cylinder Engine Diesel Fuel,8
318.0HP 3.3L V6 Cylinder Engine Gas/Electric Hybrid,8
300.0HP 1.6L 3 Cylinder Engine Gasoline Fuel,8
240.0HP 2.5L 4 Cylinder Engine Gas/Electric Hybrid,8
170.0HP 1.5L 4 Cylinder Engine Gasoline Fuel,8
1.8 Liter,7
369.0HP 3.0L Straight 6 Cylinder Engine Gasoline/Mild Electric Hybrid,7
121.0HP 1.8L 4 Cylinder Engine Gas/Electric Hybrid,7
208.0HP 3.3L V6 Cylinder Engine Gas/Electric Hybrid,7
280.0HP 2.8L V6 Cylinder Engine Gasoline Fuel,7
120.0HP 2.2L 4 Cylinder Engine Flex Fuel Capability,6
275.0HP 3.5L V6 Cylinder Engine Flex Fuel Capability,6
115.0HP Electric Motor Electric Fuel System,6
164.0HP 1.4L 4 Cylinder Engine Gasoline Fuel,6
543.0HP 5.5L 12 Cylinder Engine Gasoline Fuel,6
1.6L I4 16V GDI DOHC,6
3.8L V6 12V MPFI OHV,5
250.0HP 2.7L V6 Cylinder Engine Gasoline Fuel,5
443.0HP 4.4L 8 Cylinder Engine Gasoline Fuel,5
139.0HP 1.6L 4 Cylinder Engine Gas/Electric Hybrid,5
322.0HP 2.0L 4 Cylinder Engine Plug-In Electric/Gas,5
266.0HP 2.5L 4 Cylinder Engine Plug-In Electric/Gas,5
226.0HP 1.6L 4 Cylinder Engine Gas/Electric Hybrid,4
141.0HP 2.0L 4 Cylinder Engine Gasoline Fuel,4
151.0HP 1.5L 4 Cylinder Engine Gas/Electric Hybrid,4
184.0HP 2.4L 4 Cylinder Engine Flex Fuel Capability,4
177.0HP 1.6L 4 Cylinder Engine Plug-In Electric/Gas,4
70.0HP 1.0L 3 Cylinder Engine Gasoline Fuel,3
111.0HP Electric Motor Electric Fuel System,3
139.0HP 1.6L 4 Cylinder Engine Plug-In Electric/Gas,3
78.0HP 1.2L 3 Cylinder Engine Gasoline Fuel,2
313.0HP 2.0L 4 Cylinder Engine Plug-In Electric/Gas,1
