model,count
F-150 XLT,4868
M3 Base,3641
Camaro 2SS,2820
M4 Base,2627
Mustang GT Premium,2464
F-150 Lariat,2304
E-Class E 350 4MATIC,2239
1500 Laramie,2006
911 Carrera S,2004
Corvette Base,1949
GX 460 Base,1912
E-Class E 350,1896
911 Carrera,1866
Corvette Stingray w/2LT,1827
Explorer XLT,1797
Rover Range Rover Sport HSE,1778
Wrangler Sport,1661
AMG G 63 Base,1640
F-250 XLT,1419
F-250 Lariat,1413
RX 350 Base,1405
911 Carrera 4S,1386
QX60 Base,1382
Camaro 1SS,1347
Model Y Long Range,1323
Highlander XLE,1289
Macan S,1259
Suburban LT,1252
C-Class C 300 4MATIC Sport,1236
Corvette Stingray w/3LT,1207
Suburban Premier,1189
335 i,1185
M5 Base,1177
G-Class G 550 4MATIC,1158
C-Class C 300 4MATIC,1148
1500 Big Horn,1141
Gladiator Overland,1112
Rover Range Rover Sport Supercharged HSE,1093
328 i xDrive,1048
Q5 2.0T Premium Plus,1037
S4 3.0T Premium Plus,1010
Corvette Stingray w/1LT,988
Land Cruiser Base,987
GX 460 Premium,978
Cooper S Base,961
SL-Class SL 550,955
Escalade ESV Platinum,939
Tahoe LTZ,935
GX 470 Base,934
Expedition Limited,925
M4 Competition xDrive,918
Q5 S line Premium Plus,917
Metris Base,910
ES 350 Base,902
AMG C 43 Base 4MATIC,889
A4 2.0T Premium,880
GLS 450 Base 4MATIC,875
Tundra SR5,872
S-Class S 560 4MATIC,853
A5 2.0T Premium Plus,830
Suburban 1500 LTZ,823
Expedition Max Limited,807
Grand Cherokee L Limited,794
M6 Base,789
Model Y Performance,788
R1S Adventure Package,779
F-150 Raptor,778
Telluride SX,772
GLC 300 GLC 300,760
Mustang GT,757
435 i,747
SL-Class SL500 Roadster,747
Sierra 1500 SLT,730
LX 570 Three-Row,728
IS 350 Base,720
Escalade ESV Luxury,699
Mustang Premium,688
AMG GT 53 Base,682
Fusion SE,682
A3 2.0T Premium,679
Model 3 Long Range,677
330 i xDrive,675
F-TYPE R,672
GLE 350 Base 4MATIC,668
Transit-350 XLT,665
911 GT3,663
Rover Range Rover 3.0L Supercharged HSE,661
Ram 1500 ST,659
Camry Solara SLE V6,652
Cayenne S,647
Escalade ESV Sport,645
Navigator Reserve,638
GL-Class GL 450 4MATIC,628
Wrangler Sahara,625
IS 250 Base,624
A8 L 55,622
FJ Cruiser Base,622
911 Turbo S,608
Gladiator Rubicon,607
328 i,601
Sequoia Limited,596
Rover Range Rover Sport HSE Dynamic,590
RX 350 F Sport Performance,585
F-150 Platinum,580
QX80 Base,575
M3 CS,571
Rover Range Rover Sport Supercharged,564
Model X Long Range Plus,562
AMG C 63 Base,557
1500 Rebel,557
Tahoe LT,557
CLA-Class CLA 250,551
750 i xDrive,548
335 i xDrive,545
Expedition Platinum,544
Wrangler Unlimited Sahara,541
528 i xDrive,534
S-Class S 63 AMG,526
Cayenne Base,523
AMG GT 63 S 4-Door,518
Cayman Base,517
Rover Range Rover P530 SE LWB 7 Seat,515
4Runner Limited,515
Camaro 1LT,509
Liberty Sport,505
650 Gran Coupe i xDrive,502
X3 xDrive30i,500
AMG GLE 43 Coupe 4MATIC,500
GT-R Premium,499
Mustang EcoBoost Premium,496
H2 Base,495
S-Class S 550 4MATIC,495
A5 2.0T Premium,495
Transit-350 Base,494
LC 500 Base,492
Golf GTI 2.0T SE 4-Door,490
Pilot EX-L,489
F-150 XLT SuperCab,485
Transit Connect XLT,480
Ghost Base,477
AMG C 63 S,475
Genesis Coupe 3.8 Track,473
Tacoma TRD Sport,468
Civic EX,466
1500 Limited,465
Expedition Timberline,462
MKZ Base,462
Focus SE,460
AMG GLE AMG GLE 63 S-Model 4MATIC,458
Bronco Outer Banks Advanced,458
Rover Discovery HSE LUXURY,457
Expedition Max King Ranch,456
Grand Cherokee Limited,453
535 i xDrive,447
Mustang V6,447
Silverado 1500 LT Trail Boss,446
Rover Range Rover Evoque SE Premium,443
Yukon XL SLT,443
Romeo Giulia Ti,437
S5 3.0T Prestige,431
540 i xDrive,428
Tacoma PreRunner,423
Rover Range Rover Sport 3.0L Supercharged HSE,420
Escalade Premium Luxury Platinum,415
Model X 75D,415
Wrangler Unlimited Sport,411
G37 x,410
Sequoia SR5,409
CTS 2.0L Turbo Luxury,409
Expedition Max XLT,406
GV70 3.5T Sport,406
4Runner SR5,403
911 Turbo,398
Challenger SRT Hellcat,398
A6 2.0T Premium Plus,394
Rover Range Rover 3.0L V6 Supercharged HSE,393
2500 Big Horn,391
Corvette Z06,391
Envision Essence,390
F-150 XL,389
A6 3.0T Prestige,389
Silverado 1500 RST,386
CX-30 Premium Package,386
Wrangler SE,385
Durango GT,384
Rover Range Rover Velar P250 SE R-Dynamic,384
A7 3.0T Premium Plus,382
Suburban LTZ,382
740 i,381
F-250 King Ranch,380
F-250 Platinum,378
Rover Range Rover Sport HST MHEV,375
Escalade Sport Platinum,373
Sportage LX,373
Ghibli S Q4,373
428 i xDrive SULEV,372
Frontier SV,372
Rover Range Rover P525 Westminster,371
Rover Range Rover Evoque Pure,367
H3 Base,366
Acadia SLT-1,363
Suburban 1500 LT,363
IS 300 Base,362
Boxster Base,362
RS 7 4.0T Prestige,362
Wrangler Unlimited Rubicon,359
Model X Long Range,359
Grand Cherokee L Laredo,357
S2000 Base,354
Explorer Limited,353
Camaro Base,353
Rover Discovery Sport SE R-Dynamic,352
911 Carrera Cabriolet,351
Dakota SLT Quad Cab,348
Armada Platinum,348
Bronco Badlands Advanced,347
Avalanche 1500 LS,347
Rover Defender X-Dynamic SE,346
BRZ Limited,344
QX56 Base,344
Civic LX,342
Cullinan,341
Highlander Limited,340
Macan Base,340
Model S 100D,339
Xterra S,338
Rover Range Rover Velar P250 S R-Dynamic,337
M8 Competition,336
Traverse Premier,336
Pathfinder SL,335
M8 Gran Coupe Competition,333
Urus Base,331
650 i,329
Ghibli S Q4 GranSport,327
Outback 2.5i Limited,326
Solstice GXP,324
Avalon Limited,323
Rover Defender SE,323
MDX 3.7L Advance,321
Model S P100D,318
Q8 55 Premium Plus,318
Bronco Wildtrak Advanced,316
Excursion Limited,316
Yukon XL Denali,314
AMG E 63 S 4MATIC,313
CLK-Class CLK 350,312
Tahoe Premier,311
Yukon Denali,311
Rover Range Rover HSE SWB,311
Expedition EL XLT,309
Liberty Renegade,309
CX-30 Select,307
RX 350 F Sport,302
RX 450h Base,301
Q7 Premium Plus,301
Rover Range Rover Supercharged LWB,300
AMG GT C,300
M550 i xDrive,299
2500 Tradesman,298
RS 7 4.0T Performance Prestige,298
Romeo Stelvio Ti Sport,295
Optima LX,294
SL-Class SL550 Roadster,294
Cayenne AWD,294
SQ5 3.0T Premium Plus,294
2500 Laramie,289
G35 Base,288
A4 2.0T Premium Plus quattro,286
Rover Range Rover P400 SE SWB,286
Continental GT W12,284
MX-5 Miata Base,284
Tundra SR5 Access Cab,283
E-Class E 550,283
Camaro Z28,282
Sprinter 2500 Standard Roof,281
ALPINA B7 ALPINA B7 xDrive,281
Rover Range Rover Sport SVR Carbon Edition,281
Mustang Mach-E GT,281
MKZ Reserve,280
Panamera 2,279
LS 460 Base,279
S-Class S 580 4MATIC,279
Challenger R/T Scat Pack,279
350Z Touring,276
Highlander Hybrid Limited Platinum,276
Tundra SR5 Double Cab,276
Sierra 2500 Denali,275
F-350 Platinum,274
Camaro 2LT,274
LS 460 L,272
Mazda6 i Touring,269
CX-9 Signature,268
Town Car Signature,267
Rogue SL,267
XTS Luxury,267
S5 3.0T Premium Plus,266
Countryman Cooper S ALL4,266
Murano SL,265
A6 3.0T Premium Plus,265
RX 350 RX 350 F SPORT Handling,265
RC 350 Base,264
Impreza WRX Sti Special Edition,263
CTS Luxury,262
Boxster S,262
Sequoia Platinum,260
F-PACE S,260
300 Touring,257
Silverado 1500 ZR2,257
Eclipse Spyder GT,255
Rover Range Rover HSE,255
Q7 55 Prestige,255
Cayenne Turbo,254
Rover LR4 HSE LUX Landmark Edition,254
Q60 3.0t Red Sport 400,253
350Z Enthusiast,252
E-Class E 300 4MATIC,251
Edge SEL,251
GL-Class GL 450,249
Focus RS Base,248
Avalanche 1500 LTZ,248
QX80 Luxe,248
Cooper Base,248
570S Spider,247
RX 330 Base,245
Panamera Turbo,245
750 i,244
Cayenne Turbo S,244
4Runner SR5 Premium,242
M6 Gran Coupe Base,241
911 Turbo Cabriolet,238
F-250 XLT Crew Cab Super Duty,237
Enclave Leather,236
MKC Reserve,236
Firebird Trans Am,236
Terrain SLT-1,236
Utility Police Interceptor Base,235
1500 Classic Warlock,235
AMG GLS 63 4MATIC,235
Expedition EL Limited,234
S4 3.0 Prestige,234
911 GT3 RS,234
M240 i,234
Monte Carlo SS,233
Titan SV,231
IS-F Base,230
Rover Range Rover 5.0L Supercharged Autobiography LWB,230
Silverado 1500 1LT,229
Genesis 3.8,228
M235 i,228
Tucson Limited,227
QX60 Luxe,227
F-350 Lariat,227
TLX V6 Advance,226
Camaro ZL1,226
Escalade ESV Premium Luxury Platinum,225
Explorer ST,225
340 i,225
Avalanche 1500 LT,225
Macan,225
Silverado 1500 LT,225
Huracan EVO Base,222
Yukon SLT,222
Impreza WRX,221
Silverado 1500 2LT,221
F-250 XL,220
Acadia Denali,219
C-Class C 300,219
Sorento LX,219
X7 xDrive40i,219
Juke SL,218
A6 55 Premium,218
WRX Limited,217
Enclave Avenir,215
Bronco Big Bend Advanced,214
Rover Range Rover Evoque S,214
CX-5 Grand Touring,213
Panamera 4,211
Model 3 Standard Range Plus,211
Element EX,211
Rover Range Rover Sport Supercharged Dynamic,209
Gladiator Sport S,209
Ascent Touring 7-Passenger,208
M3 Competition xDrive,208
GLC 300 Base 4MATIC,206
Optima EX,206
MKZ Reserve I,204
Enclave Premium,204
Maxima SV,203
Outback 2.5i Premium,203
X6 M Base,202
GLA 250 Base 4MATIC,202
SLK-Class SLK 350,201
XT5 Luxury,200
R1S Launch Edition,200
Pathfinder S,200
135 i,199
Thunderbird Deluxe,199
E-Class E 400,199
ProMaster 2500 High Roof,199
Navigator Base,197
Mustang V6 Premium,196
Continental GT Base,196
Rover Range Rover P530 SE SWB,196
A3 2.0T Tech Premium,195
A4 2.0T Premium quattro,195
Colorado ZR2,195
SQ5 3.0T Prestige,195
CX-9 Grand Touring,195
Ram 1500 Laramie Mega Cab,194
Durango SRT 392,194
Sky Red Line,194
Tacoma SR5,194
Cayenne Platinum Edition,193
GR86 Premium,193
4Runner Trail,192
370Z Touring,190
Navigator L Reserve,190
Silverado 1500 LTZ,190
Challenger R/T,190
Corolla LE,189
Santa Fe SE,189
Escalade Platinum,188
Stinger GT2,188
C-Class C300 4MATIC,188
1500 Tradesman/Express,187
Escalade Luxury,187
530 i xDrive,186
325 i,186
Sierra 1500 Denali Ultimate,186
WRX Base,186
Civic Sport,184
Mustang Shelby GT500,184
M440 i xDrive,184
911 Carrera C2S,184
Escalade Premium Luxury,184
CTS Performance,183
Grand Cherokee Laredo,182
Acadia SLE,181
AMG E 53 Base 4MATIC,181
G70 2.0T,180
TLX Type S w/Performance Tire,179
AMG C 43 AMG C 43 4MATIC,179
MDX w/Technology Package,178
G70 3.3T Advanced,178
2500 SLT,178
330 i,178
Escape XLT,177
Escalade ESV Base,177
X1 xDrive28i,177
Bronco Outer Banks,176
Acadia SLE-2,176
Tundra Limited,176
Panamera Edition,176
E-Class E 400 4MATIC,175
QX80 SENSORY,175
911 Carrera GTS,175
Santa Fe SEL,175
A7 3.0T Prestige,173
Impreza 2.0i Premium,173
Camry Solara SLE,172
Mazda3 i Touring,172
Camry LE,172
300 S,172
Sierra 1500 SLE Crew Cab,171
Charger R/T,171
Firebird Base,171
ILX Premium Package,171
LS 430 Base,171
Q7 3.0T Prestige,171
A-Class A 220 4MATIC,170
Corvette Grand Sport,170
Model X Base,170
Sorento SXL,170
F-150 Lightning XLT,169
Camry XLE,169
Q7 3.0T Premium Plus,169
Colorado Z71,169
A4 2.0T Premium Plus,169
GV70 2.5T,168
Taycan Base,168
Wrangler X,168
Romeo Giulia Quadrifoglio,168
Shelby GT500 Base,168
CR-V EX,167
Q8 3.0T Prestige,166
Genesis Coupe 3.8 Base,166
1500 SLT,165
Mazda6 Touring,165
CTS Base,164
Town & Country Touring-L,164
Cayenne GTS,163
GX 460 Luxury,163
SL-Class SL63 AMG Roadster,163
Versa 1.8 S,163
Camry Hybrid XLE,162
S3 2.0T Premium Plus,162
Bentayga V8,162
435 Gran Coupe i,161
Romeo Giulia Base,161
R8 5.2 V10 plus,160
Bentayga Onyx Edition,160
RS 7 4.0T quattro,160
XC90 T6 Momentum,160
R8 5.2 V10,160
A6 55 Premium Plus,159
Rover Defender S,159
G90 5.0 Ultimate,159
Nautilus Reserve,159
Edge Titanium,159
Mustang Base,159
Sonata SE,159
Shelby GT350 Base,158
LS 460 Crafted Line,158
AMG GLE 63 S Coupe 4MATIC,158
Suburban RST,157
E350 Super Duty XLT,157
M340 i xDrive,157
X5 PHEV xDrive45e,156
Sprinter 2500,156
M3 Competition,156
Camry Hybrid Base,155
Panamera 4S,154
Golf R 4-Door w/DCC & Navigation,154
Bentayga Azure First Edition,154
RSX Type S,154
Suburban Z71,154
Highlander SE,154
Explorer Platinum,153
Cayenne Diesel,153
Armada LE,153
A7 55 Premium Plus,153
Tucson SE,152
M2 Competition,151
WRX STI Base,151
GLE 350 GLE 350,150
ILX Technology Plus Package,150
Bronco Sport Outer Banks,150
Tundra Platinum,149
Highlander Limited Platinum,149
Express 2500 Work Van,149
Liberty Limited,148
X5 M Base,148
AMG C AMG C 63 S,148
Q50 Premium,148
Taurus SHO,147
ATS 2.5L Luxury,146
Taycan Turbo,146
QX70 Base,145
Armada SL,144
C-Class C 63 AMG,144
G80 3.8,144
Silverado 3500 LTZ,144
CX-9 Touring Plus,144
Bronco Sport Big Bend,144
A6 2.0T Sport,143
AMG GLE 53 AMG GLE 53,143
Expedition XLT,143
Sierra 2500 AT4,143
TLX A-Spec,142
SC 430 Base,142
Edge Sport,142
Sorento LX V6,141
Compass Sport,141
Q50 3.0t Red Sport 400,141
Model 3 Performance,141
Ridgeline RTL-E,141
Sorento SX Prestige,140
Model X Performance,139
Cayenne GTS Coupe AWD,139
Excursion Limited Ultimate,139
TT 2.0T,139
SL-Class SL600 Roadster,139
TL Technology,138
Hardtop Cooper S,138
Charger Scat Pack,138
3500 Laramie,138
Sprinter High Roof,137
Rover Discovery SE,137
Golf GTI 2.0T Autobahn 4-Door,137
Rover Discovery HSE,137
Impreza 2.0i,137
Escape SE,136
Traverse RS,136
Mustang Mach-E Premium,136
Bentayga Speed,136
Dakota Sport,135
Macan Turbo,135
GV80 2.5T,135
Continental GT V8,135
CTS-V Base,135
Escalade EXT Base,134
Roma Base,133
M-Class ML 350 4MATIC,133
F-250 XLT SuperCab Super Duty,133
Telluride S,133
RAV4 Base,132
AMG GT AMG GT S,131
Z4 sDrive28i,131
Wrangler Rubicon,131
Sportage Nightfall,130
Rover Range Rover Velar SVAutobiography Dynamic Edition,130
ATS 2.5L,130
Palisade SEL,130
Titan XD SV,130
Accord EX-L,130
Jetta GLX VR6,129
Continental GT Speed,128
MX-5 Miata Grand Touring,128
Cayenne Turbo GT,128
Aventador SVJ Base,128
Panamera Base,127
MKZ Select,127
Q3 45 S line Premium Plus,127
CTS 3.6L Premium Luxury,127
GLS 550 Base 4MATIC,127
Altima 2.5 S,127
M240 i xDrive,126
300C Base,126
RS Q8 4.0T quattro,125
330e iPerformance,125
Equus Signature,125
F-150 Lightning LARIAT,125
Avalon XLS,124
Ranger XLT SuperCab,124
Cayman S,124
Sierra 1500 Denali,124
XK8 Base,124
Cruze LTZ,122
Ram 2500 Laramie Quad Cab,122
325 Ci,122
Continental GTC Base,120
GS 350 Base,120
GL-Class GL 550 4MATIC,120
Rover Range Rover Autobiography,120
Malibu 1LT,120
AMG GLC 43 AMG GLC 43,119
Expedition EL King Ranch,119
CLS-Class CLS 550,119
RC F Base,119
Jetta 1.4T SE,119
Challenger SRT8,119
AMG G AMG G 63 4MATIC,118
C70 T5,118
Tacoma TRD Pro,118
Panamera GTS,118
SLC 300 Base,117
Silverado 2500 LT,117
Fusion Hybrid SE Hybrid,117
F-150 Lariat SuperCrew,117
Altima 2.5 SL,117
Terrain SLT,117
M2 Base,117
GLK-Class GLK 350,116
MDX Sport,116
Rover Range Rover Velar R-Dynamic S,116
Suburban High Country,116
CT 200h Premium,115
Express 1500 Work Van,115
718 Boxster S,115
Durango R/T,115
F-150 Tremor,115
528 i,113
Rover Range Rover 5.0L Supercharged,113
G 550 4x4 Squared Base,112
GTC4Lusso T,112
Wagoneer Series III,112
AMG S 63 Base 4MATIC,112
SLK-Class SLK320,112
IS 350 F Sport,111
Rover Range Rover Sport 5.0L Supercharged Dynamic,111
S6 4.0T,110
A7 55 Premium,110
718 Cayman GT4,110
911 R,110
Silverado 2500 WT,110
1500 Longhorn,109
Xterra Pro-4X,109
Outback Limited XT,109
Huracan LP580-2S,109
Rover Range Rover Evoque Base,109
Wrangler Unlimited 4xe Sahara,109
Grand Wagoneer Series III,108
Dart SE,108
428 Gran Coupe i xDrive,107
4Runner TRD Pro,107
CC 2.0T Sport,107
S3 2.0T Tech Premium Plus,106
M760 i xDrive,106
Excursion Limited 4WD,106
Corvette Z06 w/2LZ,106
A6 55 Prestige,106
Q50 3.0t Signature Edition,106
Quattroporte Base,106
R8 5.2 V10 performance,106
Focus ST Base,106
Crosstrek 2.0i Limited,105
911 Carrera 4S Cabriolet,105
Martin DBS Superleggera,104
Sequoia TRD Pro,104
ProMaster 3500 High Roof,104
S6 4.0T Prestige,104
Q7 45 Premium Plus,104
Avalon XLE,104
Camaro LT1,104
Supra 3.0 Premium,104
Rover Range Rover Supercharged,103
AMG GLC 63 Base 4MATIC,103
Rover Range Rover Westminster SWB,103
Mazda3 s Sport,103
RS 5 2.9T,103
MKC Base,103
Impala 1LT,103
Cayenne E-Hybrid S Platinum Edition,102
CX-7 Grand Touring,102
NX 200t Base,102
RDX w/Advance Package,102
720S Performance,102
Escalade Premium,102
S8 4.0T quattro,102
Rover Range Rover Evoque HSE Dynamic,102
RX 300 4WD,101
Avalon Touring,101
Panamera 4 Edition,101
CX-30 Base,101
SSR Base,101
XC60 T6 Inscription,101
Yukon Denali Ultimate,101
MDX Technology,100
Tundra Hybrid TRD Pro,100
335 is,100
AMG GT R,100
Quest SL,100
LX 600 F SPORT,99
TSX 2.4,99
Wrangler Rubicon Hard Rock,99
Silverado 1500 LT Crew Cab,99
Martin V8 Vantage Base,99
Grecale Modena,99
911 Carrera 4,99
Rover Range Rover Evoque R-Dynamic HSE,99
WRX Premium,99
Sierra 2500 Base,99
X6 xDrive40i,98
TT 2.0T Premium,98
488 Spider Base,98
QX60 AUTOGRAPH,98
Stinger GT1,97
Air Grand Touring,97
Gladiator Mojave,97
AMG GLE 43 4MATIC Coupe,97
Eclipse Spyder GS,97
Q70 3.7X,97
Bronco Raptor,97
CX-5 Touring,96
C-HR LE,96
S2000 CR,96
Wrangler Unlimited Rubicon 392,96
Silverado 1500 Limited High Country,96
RX 450h F SPORT Handling,95
Golf SportWagen TSI S 4-Door,95
Silverado 1500 Limited Custom,95
Rover Range Rover Velar R-Dynamic SE,95
RX 350 F SPORT Appearance,95
Telluride EX X-Line,95
Town Car Base,94
Rover Range Rover P400 SE LWB 7 Seat,94
ATS 3.6L Luxury,94
Jetta GLI,94
Macan GTS,94
Mazda6 iSport VE,94
GranTurismo Base,93
1500 TRX,93
RS 5 4.2,93
Impreza WRX STI,93
NX 300 Base,93
TLX w/A-Spec Package,93
RL Technology,92
Tacoma Base,92
RX 450h F Sport Handling,92
Levante Modena,92
Rover Range Rover Velar P380 S,92
Transit-350 XL,92
S-Class S500,91
TL 3.2,91
Expedition King Ranch,91
Ram 2500 ST,91
Rover LR4 HSE,91
Navigator L Select,91
1500 Sport,90
DTS Luxury II,90
Challenger SXT,90
Q5 S line Premium,90
AMG GT Base,89
Envision Preferred,89
Silverado 1500 Base,89
S6 4.0T Premium Plus,89
Silverado 1500 LT Extended Cab,89
GLE 450 GLE 450,88
i8 Base,88
CX-30 Preferred,88
A7 Premium Plus,88
Rover Range Rover Velar P380 SE R-Dynamic,88
K5 GT-Line,87
MX-5 Miata Sport,87
S8 4.0T Plus,87
ES 250 Base,87
Accent GLS,87
Optima Hybrid EX,87
Transit-250 Base,87
SRX Luxury Collection,86
S60 T6 Momentum,86
Crossfire Limited,86
Golf R 4-Door,86
Tahoe RST,86
Model S Long Range,86
RAV4 TRD Off Road,86
Mazda6 Grand Touring Reserve,86
ILX 2.0L w/Premium Package,86
Silverado 1500 Z71 Extended Cab,86
M4 Competition,85
Mustang Mach-E Select,85
TSX Technology,85
Continental GT V8 S,85
Gladiator Willys,85
Sonata Hybrid Limited,85
Supra A91 Edition,85
435 i xDrive,85
Genesis Coupe 3.8 Grand Touring,85
911 Carrera S Cabriolet,85
CTS 3.6L Premium,84
Tacoma SR,84
Marauder Base,84
G37 Journey,84
Sonata GLS,84
RDX PMC Edition,84
Cruze LT,84
Escalade ESV Premium Luxury,84
M5 Competition,84
MKS EcoBoost,84
X5 xDrive35i,84
A7 Premium,84
Express 1500 Cargo,83
Golf Auto TSI S,83
Flex Limited,83
XF Premium,83
Cruze LS,83
AMG G 63 4MATIC,83
Fusion Hybrid Base,83
E-Class E500,82
Mustang SVT Cobra,82
Rover Defender V8,82
Outback 3.6R Touring,82
Camry Solara SE,82
Rover Defender X,82
F-150 Limited,81
G80 3.3T Sport,81
Rover LR3 HSE,81
Outlander Sport ES,81
Outback Limited,81
Impreza Outback Sport Wagon,81
4Runner Sport,81
QX60 Pure,81
Rover LR2 HSE,81
Rover Discovery Sport S R-Dynamic,81
Rover Range Rover Sport SVR,80
Aviator Reserve AWD,80
Silverado 1500 Limited LT Trail Boss,80
Mazda3 i SV,80
Rover Range Rover P525 HSE SWB,80
Murano SV,80
Tundra SR,79
Trailblazer SS,79
ProMaster 2500 Window Van High Roof,79
Genesis 4.6,79
Rover Range Rover Evoque SE,79
S60 R,78
Charger SRT Hellcat Widebody,78
RS 7 4.0T,78
Frontier SE Crew Cab,78
SLK-Class SLK230 Kompressor,78
G90 3.3T Premium,78
BRZ Premium,78
Rover LR2 Base,78
Rover Range Rover 5.0L V8 Supercharged,78
Eurovan MV,78
300M Base,78
Murcielago Base,78
RDX w/A-Spec Package,78
CX-9 Carbon Edition,77
TT 1.8T,77
EQS 450+ Base,77
Durango SRT,77
Cooper S Clubman Base,77
Sonata Sport 2.0T,77
Explorer Sport Trac XLT,77
Odyssey EX-L,77
Silverado 1500 1LZ,76
MDX 3.5L w/Advance & Entertainment Pkgs,76
Golf SportWagen TSI SE,76
Jetta S,76
Rover Range Rover Sport First Edition,76
Yukon SLE,76
Explorer Eddie Bauer,76
AMG C AMG C 63,76
3500 Tradesman,76
Mazda3 FWD w/Premium Package,76
MDX Touring,75
Bolt EUV Premier,75
Bentayga W12 Signature,75
TTS 2.0T Premium Plus,75
e-tron Prestige,75
TLX V6 Tech,75
E350 Super Duty Base,75
Model S Long Range Plus,75
Rover Discovery LSE,75
MKX Black Label,75
F-250 XLT Super Duty,75
CTS Premium,75
TLX PMC Edition,75
Wrangler Sahara Altitude,75
MKX Base,75
Optima Hybrid LX,74
550 i xDrive,74
Charger GT,74
RX 300 Base,74
MKX Reserve,74
Compass Limited,74
Model S Performance,73
Impreza 2.0i Sport,73
Tundra TRD Pro,73
S5 3.0 Premium Plus,73
Mazda3 FWD w/Preferred Package,73
Silverado 1500 Custom Trail Boss,72
Trailblazer LS,72
228 Gran Coupe i xDrive,72
S-Class S 560,72
Jetta SportWagen SE,72
LX 570 Base,72
Terrain SLE,72
718 Boxster Base,72
Gladiator Freedom,72
Sierra 1500 SL Crew Cab,72
QX30 Premium,71
328 xi,71
488 GTB Base,71
Continental GT V8 First Edition,71
XC90 Recharge Plug-In Hybrid T8 Inscription 7 Passenger,71
MX-5 Miata Shinsen,71
Sorento Plug-In Hybrid SX Prestige,71
ALPINA B7 Base,70
Sorento EX V6,70
1500 Classic SLT,70
Celica GT,70
CC Sport,70
F-PACE SVR,70
S4 3.0T Premium,70
Pathfinder Platinum,70
750 750i xDrive,70
430 i xDrive,70
XK Base,70
C-Class C 300 Luxury,70
Wrangler Unlimited X,70
F-PACE 25t Premium,70
Navigator Premiere,69
Rover Defender 110 SE,69
430 i,69
A4 2.0T Tech Premium,69
Rover Range Rover Sport P400 SE Dynamic,69
A8 L 3.0T,69
Seltos S,69
Suburban 2500 LS,69
Traverse High Country,69
Maverick XLT,69
Blazer Premier,68
Sprinter 3500 High Roof,68
Veloster Base,68
E-Class E 550 4MATIC,68
Camry Hybrid LE,68
GranTurismo Sport,68
Pilot EX,68
S-Class S 450 4MATIC,68
XJ8 L,68
Forester 2.5i Limited,67
Optima SX Turbo,67
640 i,67
Outback 3.6R Limited,67
G35 Sport,67
Malibu LTZ,67
XT6 Sport AWD,67
SL-Class SL 63 AMG,67
Accord Crosstour EX-L,67
Taurus X Limited,67
Matrix XR,66
330 330i xDrive,66
G-Class G 550,66
Sportage SX Turbo,66
Model S 75D,66
M8 Base,66
Charger R/T Scat Pack,66
GranTurismo MC,66
tC Anniversary Edition,66
Martin DBX Base,66
RS 4 4.2 quattro L,65
650 i xDrive,65
Forte GT-Line,65
M4 CS,65
Commander Sport,65
Panamera Platinum Edition,65
Trailblazer RS,65
F-250 LARIAT,65
Legacy 2.5 i Premium,65
Huracan LP580-2,65
911 Carrera 4 GTS,65
X3 M40i,65
Santa Fe Sport 2.0L Turbo Ultimate,65
Express 3500 Base,64
A6 3.0 TDI Premium Plus,64
718 Spyder Base,64
S60 T5 Premier Plus,64
Impreza WRX Sti,64
SLK-Class SLK280 Roadster,64
RX 350 Crafted Line F Sport,63
Routan SE,63
Outlander SEL,62
Mazda6 Signature,62
Eclipse GS,62
X5 xDrive50i,62
E-Class AMG E 53,62
ATS 2.0L Turbo Luxury,62
Silverado 1500 LS,62
570S Base,62
Q3 2.0T Premium Plus,62
Silverado 2500 High Country,62
718 Boxster GTS,62
370Z Base,62
Canyon Elevation Standard,62
XF 25t Prestige,61
Frontier SL,61
Rover Discovery Sport HSE,61
Panamera S,61
Martin Vantage Base,61
Gladiator Sport,61
X5 xDrive40i,61
Cayman GT4,61
Bentayga S,61
XJ Vanden Plas,61
Model X P100D,61
Dakota Big Horn/Lone Star,61
Model X Plaid,61
Maybach S S 600,60
GLA-Class GLA 250 4MATIC,60
Lancer DE,60
Rover Range Rover 3.0L Supercharged,60
428 i xDrive,60
TL Type S,60
370Z NISMO Tech,60
Compass Latitude,60
Charger R/T 392,60
AMG GT AMG GT,59
Ram 1500 SRT-10 Quad Cab,59
M2 CS,59
NV Passenger NV3500 HD SL V8,59
Romeo Stelvio Ti,59
Palisade Calligraphy,59
CR-V Touring,59
Bronco,59
Acadia SLT-2,59
S-10 LS Crew Cab,59
1500 Classic Tradesman,59
Juke SV,59
M440 i,58
430 430i,58
Impreza WRX Base,58
EV6 GT-Line,58
F12berlinetta Base,58
Lancer Evolution MR,58
Highlander LE Plus,58
CX-30 2.5 S Select Package,58
A6 3.2 quattro,58
Impreza WRX Premium,58
Sierra 1500 AT4,58
911 Targa 4 GTS,58
Q5 3.0 TDI Premium Plus,57
640 Gran Coupe i xDrive,57
Grand Cherokee Altitude,57
4Runner Limited Nightshade,57
840 Gran Coupe i xDrive,57
228 i,57
Challenger SRT8 392,57
Pilot Elite,57
A4 2.0T Titanium Premium,56
Pathfinder Silver,56
F-PACE 30t R-Sport,56
LaCrosse CX,56
Colorado LT Crew Cab,56
Sorento EX,56
DeVille Base,56
ILX 2.4L,56
Q70h Base,56
Escalade ESV Platinum Edition,56
Transit Connect XL,56
Sierra 1500 SLE,56
Rover Range Rover SV Autobiography Dynamic SWB,56
A6 45 Premium Plus,56
F-350 Lariat Crew Cab Super Duty DRW,56
Shelby GT350R Base,55
Corsair Reserve,55
E-Class E 300,55
Maxima SL,55
i3 Base w/Range Extender,55
R8 Base,55
300 Base,55
LaCrosse Leather,55
Charger Base,55
Sienna XLE Limited,55
S7 2.9T Prestige,55
Mustang Boss 302,55
S7 4.0T Premium Plus,55
Phantom,55
Bentayga Activity Edition,54
Blazer 1LT,54
Highlander Base,54
Arnage R,54
200 C,54
Enclave Essence,54
R8 5.2 quattro Spyder,53
Rover Discovery S,53
Grand Cherokee L Overland,53
R8 5.2,53
Civic Si Base,53
F-350 King Ranch,53
XC90 T6 Inscription,53
911 Carrera C4S,53
Escape Limited,53
F-150 FX4,53
Huracan LP610-4,53
Sierra 1500 SLE1 Extended Cab,53
Highlander Platinum,53
XF 35t R-Sport,53
Tahoe LS,53
Integra LS,53
SQ7 4.0T,52
530 i,52
NSX Base,52
Huracan EVO Coupe,52
CR-V EX-L,52
Model S 85D,52
Equinox LT,52
440 Gran Coupe 440i xDrive,52
Ram 2500 SLT Mega Cab,52
F-350 Lariat Super Duty Crew Cab,52
Legacy 2.5i Premium,52
Accord EX-L 2.0T,52
TL 3.7,52
F-TYPE S,52
Sprinter 3500XD High Roof,52
325 xi,52
Magnum Base,51
Silverado 1500 High Country,51
4Runner 4WD,51
Camry SE,51
Wrangler Unlimited Sport S,50
GS 350 F Sport,50
Q50 Hybrid Sport,50
AMG GL AMG GL 63 4MATIC,50
Grand Cherokee Summit,50
Solstice Base,50
Renegade Trailhawk,50
K5 EX,50
Ranger Sport SuperCab,50
ES 300h Base,50
ES 330 Base,50
TSX Base,50
Huracan Tecnica Coupe,50
CT5-V V-Series,50
Pathfinder SV,50
Camry XSE,50
Encore GX Essence,49
Ranger XLT,49
TT Roadster quattro,49
Ram 2500 SLT Quad Cab,49
S80 3.2,49
Savana 2500 Work Van,49
Q3 S line Premium Plus,49
Telluride EX,49
F-250 Limited,49
C-Class C 300 4MATIC Luxury,49
Prelude Type SH,48
GLE 350 Base,48
Q40 Base,48
F-TYPE S British Design Edition,48
Kona EV SEL,48
Telluride LX,48
F-PACE 35t Premium,48
Atlas 3.6L SEL Premium R-Line,48
Golf R Base,48
Atlas Cross Sport 3.6L V6 SEL Premium,48
Forte Koup EX,48
Mazda6 i Grand Touring,47
F-150 SVT Raptor,47
Z4 2.5i Roadster,47
Tundra Hybrid Capstone,47
Town & Country Touring,47
Matrix XRS,47
Phantom Drophead Coupe Drophead,47
F-TYPE,47
S80 T6,47
S40 T5,47
Supra A91-MT Edition,47
Mazda6 Carbon Edition,47
Ram 1500 Quad Cab,47
MDX w/Advance Package,47
Ram 3500 Quad Cab DRW,47
MX-5 Miata RF Grand Touring,47
Flex SEL,46
Model X 100D,46
1500 Cheyenne Extended Cab,46
F-250 XL Crew Cab Super Duty,46
Ranger Edge SuperCab,46
Forester 2.5 XT,46
Tacoma Double Cab,46
Beetle 1.8T,46
Acadia SLE-1,46
AMG GLA 45 Base 4MATIC,46
Passat 2.5 SE,46
Rover Range Rover Sport 3.0 Supercharged HST,46
Genesis Coupe 2.0T R-Spec,46
Transit Connect XL w/Rear Symmetrical Doors,46
AMG CLA 45 Base 4MATIC,46
X1 xDrive 28i,46
200 Limited,46
Outback Touring XT,45
SRX Standard,45
LS V8,45
300ZX Base,45
Santa Cruz 2.5T Limited,45
Colorado LT,45
M850 i xDrive,45
Q8 55 Premium,45
Pacifica Launch Edition,45
Colorado Z85,45
Challenger SE,45
Q4 e-tron 50 Premium Plus,45
X5 M50i,45
Caprice Classic Base,45
C-Class C 250 Sport,45
Forte LXS,45
Gallardo LP550-2,45
Sky Base,44
Rogue SV,44
FX37 Base,44
Quattroporte S Q4 GranLusso,44
Passport Elite,44
Quattroporte S GranLusso,44
Suburban 1500 LS,44
TLX Tech,44
Grand Cherokee WK Laredo X,44
TLX Base,44
Sierra 1500 Limited Elevation,44
Mazda3 i Sport,44
FX50 Base,44
Tundra 1794,44
Ridgeline Black Edition,44
X4 M Competition,44
Jetta 1.4T R-Line,44
Boxster GTS,44
CT5-V Blackwing,43
Ram 2500 Quad Cab,43
Q50 Hybrid Premium,43
Rover Discovery Sport SE,43
Mustang Bullitt,43
F-350 XLT,43
Town & Country LX,43
350Z NISMO,43
M760 M760i xDrive,43
Canyon Denali,43
Panamera 4 Platinum Edition,43
Elantra N Base,43
G-Class G 63 AMG,43
MKZ Hybrid Base,43
C-Class C55 AMG Sport,43
2500 Powerwagon,43
GLA-Class GLA 45 AMG,43
4Runner TRD Off Road,43
MDX 3.5L w/Technology Package,42
Ram 1500 SLT Mega Cab,42
Silverado 2500 LTZ H/D Extended Cab,42
ALPINA B7 xDrive,42
Corvette Stingray Z51,42
911 Carrera Turbo,42
718 Cayman GTS,42
911 Carrera 4 Cabriolet,42
Rover Range Rover SWB,42
Wraith Base,42
Silverado 2500 LT H/D Extended Cab,42
Ram Van 1500,42
Forester 2.5 X,42
Cherokee Sport,42
Avalanche LTZ,42
MX-5 Miata RF Club,42
Maybach S 580 4MATIC,42
RX-8 Sport,42
Prius Two,42
Sprinter Normal Roof,42
Escalade Sport,42
RS Q8 4.0T,42
Gallardo SE,42
MazdaSpeed3 Grand Touring,42
Titan SL,42
FR-S Monogram,42
Kicks S,42
FF Base,41
Navigator L,41
Fusion Hybrid SE,41
Monte Carlo Supercharged SS,41
840 i xDrive,41
S-Class S 65 AMG,41
X1 sDrive28i,41
Golf Alltrack TSI SE,41
CX-7 Sport,41
Escalade Base,41
Beetle 2.0T S,41
A3 2.0T,41
E250 Cargo,41
RAV4 SE,41
Sierra 3500 Denali,41
Lancer Evolution GSR,41
RS 4 Base,41
Avenger SE,41
S90 T5 Momentum,41
650 Gran Coupe i,41
XC70 3.2,41
G6 GTP,41
Ghibli S GranLusso,40
Corvette Stingray,40
Cayman R,40
Leaf SV PLUS,40
911 GT2 RS,40
MKT Base,40
MKS Base,40
428 i,40
GT-R Black Edition,40
Baja Base,40
Armada SV,40
F-TYPE V6 S,40
Flying Spur V8,40
323 Ci,40
Excursion XLS,39
RC 350 F Sport,39
S-Class S 450,39
Mazda3 s Grand Touring,39
C-Class C 250 Luxury,39
Grand Wagoneer Base,39
S-Class S 550,39
CX-9 Touring,39
4Runner Venture Special Edition,39
S4 Base,39
LX 470 Base,39
G80 2.5T,39
Arteon 2.0T SEL R-Line,39
A8 L 4.0T,39
A3 2.0 TDI Premium Plus,38
SRX Performance Collection,38
Explorer sport,38
MKC Select,38
Ghibli Base,38
Q5 3.0T Premium Plus,38
550 Gran Turismo i,38
Santa Fe SEL Plus 2.4,38
640 Gran Coupe i,38
Tahoe High Country,38
NV200 SV,38
Rover Range Rover Sport SE MHEV,38
Q5 2.0T Premium,38
Navigator Select,38
ProMaster 3500 Tradesman,38
E-PACE 300 Sport,38
Tucson SEL,38
C30 T5 Premier Plus,38
E-Class E 450 4MATIC,38
RS 3 2.5T,37
A5 Sportback S line Premium Plus,37
Golf R 20th Anniversary Edition,37
Touareg TDI Lux,37
RX-8 R3,37
Tundra Grade,37
Eos 2.0T,37
F430 Berlinetta,37
Santa Fe GLS,37
Excursion XLT 4WD,37
Rover Defender,37
Model X P90D,37
A5 2.0T Prestige,37
E150 XLT,37
Wrangler S,37
C-Class C280 4MATIC,37
Arteon 2.0T SE,37
Boxster Black Edition,37
CLK-Class 500 Cabriolet,37
Fusion Hybrid Titanium,37
Montero Limited,37
Cascada Base,37
SQ8 4.0T Premium Plus,36
GTI Base,36
ILX Premium & A-SPEC Packages,36
Bronco Big Bend,36
GR86 Base,36
Wrangler Unlimited Freedom Edition,36
S60 B5 Inscription,36
Malibu Limited LT,36
Enclave 1XL,36
RDX Advance Package,36
Rover LR4 Lux,36
G8 GT,36
Lancer GTS,36
Gallardo LP570-4 Superleggera,36
Tundra Hybrid Limited,36
Palisade Limited,36
Rainier CXL,36
CLS-Class CLS 63 AMG S-Model 4MATIC,35
Q7 3.0T Premium,35
Bronco Badlands,35
GTO Base,35
C-Max Energi SE,35
Dakota SLT,35
Bronco XLT,35
Sorento SX,35
TLX Type S PMC Edition,35
Aventador LP700-4,35
Equinox Premier w/2LZ,35
CT5 Premium Luxury,35
S8 4.2 quattro,35
Mazda6 Grand Touring,35
Leaf SL,35
Commander Base,34
Challenger SRT Demon,34
Odyssey LX,34
Q4 e-tron Sportback Premium,34
G37 S Sport,34
CT6 Luxury,34
Impala 2LZ,34
Aventador LP750-4 Superveloce,34
tC Release Series 6.0,34
F-150 Heritage XL SuperCab Flareside,34
Accent GL,34
Taycan 4S,34
CTS 3.6L Luxury,34
X6 xDrive50i,34
Civic Si,34
Sorento S,34
New Beetle GLS,34
California T,34
Yukon XL AT4,34
Charger SE,34
Tahoe Base,34
Model S Plaid,34
Jetta 1.4T S,33
Sonic LT,33
Genesis Coupe 2.0T,33
TLX,33
M56 Base,33
Genesis 5,33
Compass Trailhawk,33
4Runner TRD Sport,33
Maxima 3.5 SR,33
Grand Cherokee L Summit,33
Genesis Coupe 3.8 R-Spec,33
Integra GS-R,33
Challenger GT,33
540 i,33
Pilot Black Edition,33
Mazda3 Grand Touring,33
SLS AMG Base,33
X2 xDrive28i,33
Accord Hybrid Base,32
Traverse LS,32
2500 Longhorn,32
A7 3.0T Premium,32
i3 120Ah w/Range Extender,32
LX 600 Premium,32
Touareg VR6 Lux,32
Express 3500 LT,32
F-250 XL SuperCab H/D,32
Cayenne E-Hybrid S,32
Titan S,32
Aventador S Base,32
740 Li,32
NV Passenger NV3500 HD SV V8,32
Protege DX,32
750 Li,32
LaCrosse Base,32
Odyssey Elite,32
440 i xDrive,32
Taycan,32
Sierra 2500 SLE,32
Malibu Premier,32
IS 250C Base,32
XC90 3.2 Premier Plus,31
Sierra 2500 SLE H/D Extended Cab,31
XC90 Hybrid T8 R-Design,31
Titan XD S,31
ID.4 Pro S,31
A4 3.2 Premium Plus quattro,31
Escape SEL,31
XJ6 Vanden Plas,31
SLK-Class SLK 250,31
Caliber Express,31
LS 500 F Sport,31
Express 1500 Base,31
Forester Base,31
XT6 Premium Luxury AWD,31
500 Sport,31
Passat 2.0T R-Line,31
Regal Turbo - Premium 1,31
440 Gran Coupe i,31
Bronco Base,31
MDX 3.5L Technology Package,31
Wrangler 80th Anniversary,31
RX 350 RX 350,30
AMG E 53 4MATIC,30
Sierra 3500 SLE,30
Eclipse GT,30
Sorento Hybrid EX,30
Optima S,30
Highlander Hybrid Limited,30
GT,30
CX-50 2.5 Turbo Premium Package,30
Magnum R/T,30
Bronco Heritage Edition Advanced,30
Q5 40 Premium,30
Explorer Timberline,30
750 Li xDrive,30
Prius v Three,29
XF XFR-S,29
Sebring LX,29
Q8 3.0T Premium,29
128 i,29
M37 x,29
TT RS Base,29
Veloster Turbo R-Spec,29
Edge SE,29
Highlander Hybrid XLE,29
CLS-Class CLS 400 4MATIC,29
718 Cayman S,29
ATS 2.0L Turbo,29
Lancer Sportback ES,29
740 iL,29
Silverado 1500 W/T,29
Impala Base,29
500 Lounge,29
CT4 Luxury,29
Ranger Lariat,29
430 Gran Coupe i xDrive,29
Continental GT GT Speed,29
Elantra SE,28
Model S 85,28
Cruze LT Automatic,28
Revero Base,28
Accord Hybrid Touring,28
Thunderbird Premium,28
MC20 Base,28
Cherokee X,28
Cayman GTS,28
Fit Sport,28
Fusion Energi Titanium,28
CLS-Class CLS500,28
135 is,28
CR-V LX,28
Coupe Cambiocorsa,28
Mazda3 Touring,28
Maxima GLE,28
Escalade Platinum Edition,28
XT5 Premium Luxury,28
RX-8 Grand Touring,28
F-350 XL,28
Viper GTC,28
TT 1.8L,27
Pacifica Touring,27
RDX,27
Hardtop Cooper,27
G37 Sport,27
Aviator Luxury,27
Corsair Grand Touring,27
E-Class E55 AMG,27
ZDX Base,27
Quattroporte Modena Q4,27
Corsair Standard,27
NX 350 F SPORT Handling,27
86 Base,27
Wrangler Unlimited,27
XF 3.0 Portfolio,27
Juke NISMO RS,27
Lancer Evolution Base,27
XT5 Base,27
Altima 2.5 SV,27
XE 20d Prestige,27
Venza XLE,27
Outback 2.5 i Special Edition,27
Forester Premium,27
Corolla CE,27
Grand Caravan SE,27
Golf GTI 2.0T Autobahn,27
DTS Luxury,27
Focus SEL,27
Urus Pearl Capsule,27
RX 450h F Sport,27
Malibu LT,26
Golf GTI 2.0T S 4-Door,26
Continental Reserve,26
TT 3.2 Cabriolet quattro,26
86 860 Special Edition,26
XF 25t Premium,26
GL-Class GL 550,26
Atlas 3.6L SEL Premium,26
E-PACE S,26
XC60 T5 R-Design,26
Avalon Hybrid XLE Premium,26
RAV4 Hybrid XLE,26
Q70 3.7,26
tC Base,26
M-Class ML 350,26
Rover Range Rover P530 SE,26
XK R,26
Model S 70D,26
Sportage X-Pro,26
Sprinter 4500 High Roof,26
NX 300h Base,26
Challenger SRT 392,26
Atlas 3.6L SE w/Technology,25
Pickup Truck XE,25
Arteon 2.0T SEL Premium R-Line,25
Cube 1.8 S,25
Boxster RS 60 Spyder,25
Terrain Denali,25
Martin Vantage GT Base,25
Model S 90D,25
Sienna LE,25
Q3 45 S line Premium,25
i3 94 Ah,25
MX-5 Miata Club,25
750 iL,25
Ram 1500 Laramie,25
Levante S,24
XC60 Recharge Plug-In Hybrid T8 Inscription,24
F-250 Base,24
A8 4.0T,24
E-Class 400E,24
Z4 2.5i,24
Lucerne CXL,24
XE 25t,24
Golf GTI 2.0T SE w/Performance Package 4-Door,24
EcoSport SES,24
Compass High Altitude,24
Land Cruiser,24
Sonata Hybrid Base,24
RDX Technology Package,24
Sprinter 2500 High Roof,24
Z4 3.0i Roadster,23
230 i,23
CLK-Class 550,23
GLB 250 Base 4MATIC,23
Q50 3.0T Premium,23
Gallardo Base,23
Viper SRT-10,23
Niro EX,23
Legacy 2.5 GT spec.B,23
Model 3 Mid Range,23
Quattroporte S,23
X6 xDrive35i,23
Elise Base,23
EQS 450 4MATIC,23
Accord Sport,23
Lancer Evolution IX,23
New Compass Trailhawk,22
300C SRT8,22
Bronco Sport Base,22
Silverado 2500 H/D,22
XC90 Hybrid T8 Inscription,22
XTS Premium,22
525 i,22
XF 35t Prestige,22
Equinox 2LT,22
Grand Caravan R/T,22
Martin DB7 Vantage Volante,22
CX-90 Premium,22
R1T Launch Edition,22
Mustang Mach-E California Route 1,22
Passport TrailSport,22
Outlander Sport 2.4 SE,21
S4 4.2 quattro,21
Passat 2.0T SE,21
TT RS 2.5T,21
Tiguan 2.0T SEL Premium R-Line,21
Evora 400 Base,21
S5 4.2 Premium Plus,21
X6 M50i,21
Trailblazer LT,21
SC 300 Base,21
RLX Advance Package,21
Touareg V6 Executive,21
XC90 3.2,21
Romeo Stelvio Quadrifoglio,21
Q60 3.0T Premium,20
Clarity Plug-In Hybrid Base,20
Tiguan 2.0T SE,20
XJ Base,20
Escape PHEV SE,20
Fiesta ST,20
XE 35t Premium,20
Niro EV EX,20
NX 350h Premium,19
Trax LS,19
SL-Class SL400,19
V60 Cross Country T5,19
Roadmaster Estate,19
Levante GTS,19
R8 4.2 quattro Spyder,19
C40 Recharge Pure Electric Twin Ultimate,19
Rogue S,19
530e Base,19
Charger SRT8,18
RSX Base,18
Mark LT Base,18
Q5 Premium,18
E-Class D 2.5 Turbo,18
Arteon SEL R-Line,18
X3 sDrive30i,18
CLS 450 Base,18
Encore Preferred,18
Silverado 2500 LTZ,18
Sonata Sport,18
Verano Convenience,18
Z4 3.0si,18
XC40 T5 Momentum,18
Yukon XL 1500 SLT,18
Elantra GLS,18
Quattroporte Sport GT,18
CT6-V 4.2L Blackwing Twin Turbo,18
X7 ALPINA XB7,18
Suburban 2500,18
9-3 SE,18
Gallardo LP560-4,18
320 i xDrive,18
Corolla iM Base,18
Bolt EV LT,18
GLC 300 Base,18
Leaf S,18
Crosstour EX-L,18
R-Class R 350 4MATIC,17
MazdaSpeed Miata MX-5 Base,17
MDX Sport Hybrid 3.0L w/Technology Package,17
Explorer Sport,17
Convertible Cooper,17
Crosstrek Premium,17
Civic Type R Touring,17
Z4 sDrive35is,17
Rover Range Rover 5.0L Supercharged Autobiography,17
XF Luxury,17
DTS Base,17
Air Pure,17
Titan SE,17
XF S,17
Continental GTC V8,17
Rogue Sport S,16
GLS 450 Base,16
NV200 S,16
S60 Recharge Plug-In Hybrid T8 Inscription,16
Vue Hybrid Base,16
RDX Base,16
Versa 1.6 SL,16
Carrera GT Base,16
4Runner Venture,16
MC20 MC20,16
xB Base,16
Niro Plug-In Hybrid EX Premium,16
XKR Base,16
S5 3.0T Premium,15
812 Superfast Base,15
Santa Fe Sport 2.0L Turbo,15
SQ5 3.0T Premium,15
RAV4 Prime XSE,15
Maverick Lariat,15
Clubman Cooper S ALL4,15
X3 M AWD,15
Beetle 2.0T Final Edition SE,15
9-3 Aero,15
X7 M50i,15
Prius Touring,14
535 i,14
Sportage S,14
Corolla S Plus,14
A8 4.0,14
Patriot Latitude,14
A5 45 S line Premium Plus,14
Mirai Limited,14
X4 xDrive30i,14
bZ4X Limited,14
Evora Base,14
Crosstrek 2.0i Premium,14
Silverado 1500 Hybrid 1HY,14
Mustang EcoBoost,14
XJ8 Base,13
G70 3.3T,13
240SX Base,13
Yaris L,13
Outback 3.0 R VDC Limited,13
Mirai Base,13
X3 xDrive28i,13
AMG C 43 Base,13
Durango SLT,12
Yaris Base,12
Evora 2+2,12
Sorento Plug-In Hybrid SX,12
Charger SRT Hellcat,12
850 Turbo,12
Romeo Stelvio Base,12
XC60 3.2,12
Veyron 16.4 Grand Sport,12
Z Proto Spec,12
LS 500 Base,12
Model 3 Base,12
XT4 Sport,11
Veloster Value Edition,11
K900 5.0L,11
HS 250h Premium,11
Sentra SR,11
X7 xDrive50i,11
Elantra HEV Limited,11
EV6 Wind,11
Model 3,11
Rio S,11
e-Golf SE,11
Kona N Base,11
SX4 Base,11
e-tron Premium,11
STS V6,11
Capri XR2,10
3500 SLT,10
Type 57 Base,10
LYRIQ Luxury,10
124 Spider Abarth,10
Sportage Plug-In Hybrid X-Line,10
Corolla Hybrid LE,10
Accent SEL,10
H2 SUT,10
370Z NISMO,10
Prowler Base,10
Tucson Hybrid SEL Convenience,10
1500 Cheyenne,10
IONIQ 5 SE,9
X4 M40i,9
allroad 2.0T Prestige,9
Maverick XL,9
500X Trekking Plus,9
X5 sDrive35i,9
Stinger GT,9
Niro Plug-In Hybrid EX,9
Prius Plug-in Base,9
Silverado 3500 High Country,9
2 Launch Edition,9
XC70 T6 Platinum,9
Pacifica Hybrid Touring L,9
Ascent Limited 7-Passenger,9
Countryman Cooper S,9
Ram 1500 SRT-10,9
GR Corolla Circuit Edition,9
S-10 LS,8
Sienna XSE 25th Anniversary,8
C-Class 4MATIC Sedan,8
CT 200h Base,8
HUMMER EV Edition 1,8
Z3 3.0i Roadster,8
Integra w/A-Spec Tech Package,7
Convertible John Cooper Works,7
Insight EX,7
740e xDrive iPerformance,7
Mirage ES,7
Countryman Cooper,6
Model 3 Standard Range,6
Wagoneer Series II 4x4,6
500e Battery Electric,6
Corvette ZR-1,6
X6 sDrive35i,5
XLR V,4
XLR Base,4
i3 Base,4
Impreza Premium,4
X5 3.0si,3
X3 xDrive35i,3
ForTwo Pure,3
X5 eDrive xDrive40e,3
IONIQ Plug-In Hybrid SEL,3
X5 xDrive 35i Sport Activity,2
X5 xDrive40e,2
Forte LX,2
V60 T6 R-Design Platinum,2
X5 3.0i,1
allroad 2.7T,1
